"","AAPL.Open","AAPL.High","AAPL.Low","AAPL.Close","AAPL.Volume","AAPL.Adjusted"
"2006-10-02",75.1,75.87,74.3,74.860001,178159800,10.694285
"2006-10-03",74.45,74.95,73.19,74.080002,197677200,10.582857
"2006-10-04",74.1,75.46,73.16,75.380005,207270700,10.768572
"2006-10-05",74.53,76.16,74.13,74.829994,170970800,10.69
"2006-10-06",74.42,75.04,73.81,74.220001,116739700,10.602858
"2006-10-09",73.8,75.08,73.53,74.629997,109555600,10.661428
"2006-10-10",74.54,74.58,73.08,73.809998,132897100,10.544286
"2006-10-11",73.42,73.98,72.6,73.230003,142963800,10.461429
"2006-10-12",73.61,75.39,73.6,75.260002,148213800,10.751429
"2006-10-13",75.63,76.88,74.74,75.020004,171049200,10.717143
"2006-10-16",75.19,75.88,74.79,75.399994,127173200,10.771428
"2006-10-17",75.04,75.27,74.04,74.290001,120231300,10.612857
"2006-10-18",74.75,75.37,73.91,74.529999,283476900,10.647142
"2006-10-19",79.26,79.95,78.16,78.989998,378244300,11.284286
"2006-10-20",78.97,79.99,78.67,79.949997,159853400,11.421429
"2006-10-23",79.99,81.9,79.75,81.459999,208126800,11.637143
"2006-10-24",81.21,81.68,80.2,81.050003,115803100,11.578571
"2006-10-25",81.35,82,81.01,81.68,121303700,11.668571
"2006-10-26",81.9,82.6,81.13,82.190002,108189200,11.741428
"2006-10-27",81.75,82.45,80.01,80.409996,148741600,11.487143
"2006-10-30",79.99,80.9,79.5,80.419998,124979400,11.488571
"2006-10-31",81.45,81.68,80.23,81.080002,125368600,11.582857
"2006-11-01",81.1,81.38,78.36,79.160004,152798100,11.308572
"2006-11-02",78.92,79.32,78.5,78.979996,116370800,11.282857
"2006-11-03",79.36,79.53,77.79,78.290001,107972200,11.184286
"2006-11-06",78.95,80.06,78.43,79.709999,108644200,11.387143
"2006-11-07",80.45,81,80.13,80.510002,131483100,11.501429
"2006-11-08",80.02,82.69,79.89,82.449997,172729200,11.778571
"2006-11-09",82.9,84.69,82.12,83.339996,230763400,11.905714
"2006-11-10",83.55,83.6,82.5,83.120003,93466100,11.874286
"2006-11-13",83.22,84.45,82.64,84.349998,112668500,12.05
"2006-11-14",84.8,85,83.9,85,147238700,12.142858
"2006-11-15",85.05,85.9,84,84.050003,163830800,12.007143
"2006-11-16",84.87,86.3,84.62,85.610001,173485200,12.23
"2006-11-17",85.14,85.94,85,85.850006,116606000,12.264286
"2006-11-20",85.4,87,85.2,86.470001,142698500,12.352858
"2006-11-21",87.42,88.6,87.11,88.599998,155666700,12.657143
"2006-11-22",88.99,90.75,87.85,90.309998,167985300,12.901428
"2006-11-24",89.53,93.08,89.5,91.630005,129669400,13.09
"2006-11-27",92.51,93.16,89.5,89.540001,268709000,12.791429
"2006-11-28",90.36,91.97,89.91,91.809998,259043400,13.115714
"2006-11-29",93,93.15,90.25,91.799995,289270800,13.114285
"2006-11-30",92.21,92.68,91.06,91.660004,217621600,13.094286
"2006-12-01",91.8,92.33,90.1,91.32,198769900,13.045714
"2006-12-04",91.88,92.05,90.5,91.120003,177384200,13.017143
"2006-12-05",91.65,92.33,90.87,91.269997,165709600,13.038571
"2006-12-06",90.64,91.39,89.67,89.830002,159546100,12.832857
"2006-12-07",90.03,90.5,86.9,87.040001,251206900,12.434286
"2006-12-08",87.23,89.39,87,88.259995,196069300,12.608571
"2006-12-11",88.9,89.3,88.05,88.75,124945100,12.678572
"2006-12-12",88.61,88.84,85.53,86.139999,256655000,12.305715
"2006-12-13",87.95,89.07,87.15,89.050003,214263000,12.721429
"2006-12-14",89.05,90,88.26,88.549995,208082700,12.65
"2006-12-15",89.02,89.22,87.33,87.720001,184984800,12.531428
"2006-12-18",87.63,88,84.59,85.470001,180394200,12.21
"2006-12-19",84.73,86.68,83.62,86.309998,227851400,12.33
"2006-12-20",86.47,86.67,84.74,84.759995,141922900,12.108571
"2006-12-21",84.7,85.48,82.2,82.900002,225899800,11.842857
"2006-12-22",83.46,84.04,81.6,82.199997,153325900,11.742857
"2006-12-26",82.15,82.57,80.89,81.510002,122672200,11.644286
"2006-12-27",78.15,82,76.77,81.520004,483938700,11.645715
"2006-12-28",80.22,81.25,79.65,80.870003,279969200,11.552857
"2006-12-29",83.95,85.4,83.36,84.839996,269107300,12.12
"2007-01-03",86.29,86.58,81.9,83.800003,309579900,11.971429
"2007-01-04",84.05,85.95,83.82,85.659996,211815100,12.237143
"2007-01-05",85.77,86.2,84.4,85.049995,208685400,12.15
"2007-01-08",85.96,86.53,85.28,85.470001,199276700,12.21
"2007-01-09",86.45,92.98,85.15,92.57,837324600,13.224286
"2007-01-10",94.75,97.8,93.45,97,738220000,13.857142
"2007-01-11",95.94,96.78,95.1,95.800003,360063200,13.685715
"2007-01-12",94.59,95.06,93.23,94.620003,328172600,13.517143
"2007-01-16",95.68,97.25,95.45,97.099998,311019100,13.871428
"2007-01-17",97.56,97.6,94.82,94.949997,411565000,13.564285
"2007-01-18",92.1,92.11,89.05,89.07,591151400,12.724286
"2007-01-19",88.63,89.65,88.12,88.5,341118400,12.642858
"2007-01-22",89.14,89.16,85.65,86.789993,363506500,12.398571
"2007-01-23",85.73,87.51,85.51,85.699997,301856100,12.242857
"2007-01-24",86.68,87.15,86.08,86.700005,231953400,12.385715
"2007-01-25",87.11,88.5,86.03,86.25,226493400,12.321428
"2007-01-26",87.11,87.37,84.99,85.379997,246718500,12.197143
"2007-01-29",86.3,86.65,85.53,85.939995,225416100,12.277143
"2007-01-30",86.43,86.49,85.25,85.550003,144492600,12.221429
"2007-01-31",84.86,86,84.35,85.729996,214017300,12.247143
"2007-02-01",86.23,86.27,84.74,84.739998,166085500,12.105714
"2007-02-02",84.12,85.25,83.7,84.75,155382500,12.107142
"2007-02-05",84.3,85.23,83.94,83.940002,144713100,11.991428
"2007-02-06",84.45,84.47,82.86,84.149994,216098400,12.021428
"2007-02-07",84.48,86.38,83.55,86.150002,266706300,12.307143
"2007-02-08",85.43,86.51,85.41,86.18,169757700,12.311429
"2007-02-09",85.88,86.2,83.21,83.270004,215135200,11.895715
"2007-02-12",84.43,85.18,83.63,84.879997,181017900,12.125714
"2007-02-13",85.16,85.29,84.3,84.700005,145246500,12.1
"2007-02-14",84.63,85.64,84.57,85.300003,126995400,12.185715
"2007-02-15",85.44,85.62,84.78,85.209999,90915300,12.172857
"2007-02-16",85.25,85.41,84.66,84.830002,99967000,12.118571
"2007-02-20",84.65,86.16,84.16,85.899994,154425600,12.271428
"2007-02-21",85.98,89.49,85.96,89.199997,288828400,12.742857
"2007-02-22",90.8,90.81,88.53,89.510002,209556200,12.787143
"2007-02-23",89.16,90.34,88.85,89.07,129473400,12.724286
"2007-02-26",89.84,90,87.61,88.510002,153962200,12.644286
"2007-02-27",86.3,87.08,83.41,83.93,286453300,11.99
"2007-02-28",83,85.6,83,84.610001,229868800,12.087143
"2007-03-01",84.03,88.31,83.75,87.060005,353882200,12.437143
"2007-03-02",86.77,87.54,85.21,85.409996,215000100,12.201428
"2007-03-05",85.89,88.65,85.76,86.32,209724900,12.331429
"2007-03-06",87.8,88.31,87.4,88.190002,180796700,12.598572
"2007-03-07",88.05,88.97,87.45,87.720001,156571100,12.531428
"2007-03-08",88.59,88.72,87.46,88,127752800,12.571428
"2007-03-09",88.8,88.85,87.4,87.970001,112959000,12.567142
"2007-03-12",88.07,89.99,87.99,89.870003,182352100,12.838572
"2007-03-13",89.41,90.6,88.4,88.400002,216972700,12.628572
"2007-03-14",88.6,90,87.92,90,199146500,12.857142
"2007-03-15",89.96,90.36,89.31,89.57,139874700,12.795714
"2007-03-16",89.54,89.99,89.32,89.590004,142926000,12.798572
"2007-03-19",90.24,91.55,89.59,91.130005,178240300,13.018572
"2007-03-20",91.35,91.84,91.06,91.479996,122229100,13.068571
"2007-03-21",91.99,94,91.65,93.869995,171724000,13.41
"2007-03-22",93.73,94.36,93,93.959999,140373100,13.422857
"2007-03-23",93.35,94.07,93.3,93.519997,112721000,13.36
"2007-03-26",93.99,95.9,93.3,95.849998,216246800,13.692857
"2007-03-27",95.71,96.83,95,95.459999,233013200,13.637143
"2007-03-28",94.88,95.4,93.15,93.239998,235584300,13.32
"2007-03-29",94.19,94.19,92.23,93.75,181430900,13.392858
"2007-03-30",94.28,94.68,92.75,92.909996,150139500,13.272857
"2007-04-02",94.14,94.25,93.02,93.650002,125498100,13.378572
"2007-04-03",94.14,95.23,93.76,94.5,145983600,13.5
"2007-04-04",94.94,95.14,94.13,94.270004,119196000,13.467143
"2007-04-05",94.12,94.68,93.52,94.68,88879000,13.525714
"2007-04-09",95.21,95.3,93.04,93.650002,103335400,13.378572
"2007-04-10",93.67,94.26,93.41,94.25,88116700,13.464286
"2007-04-11",93.9,93.95,92.33,92.590004,137254600,13.227143
"2007-04-12",92.04,92.31,90.72,92.190002,164168900,13.17
"2007-04-13",90.9,91.4,90.06,90.240005,179985400,12.891429
"2007-04-16",90.57,91.5,90.25,91.43,152258400,13.061429
"2007-04-17",92,92.3,89.7,90.349998,187980100,12.907143
"2007-04-18",90.16,90.85,89.6,90.400002,116011000,12.914286
"2007-04-19",90.19,91.25,89.83,90.270004,106478400,12.895715
"2007-04-20",90.89,91.18,90.55,90.970001,130694900,12.995714
"2007-04-23",91.59,93.8,91.42,93.509995,195072500,13.358571
"2007-04-24",93.96,96.39,91.3,93.239998,263813200,13.32
"2007-04-25",94.23,95.4,93.8,95.349998,296786000,13.621428
"2007-04-26",101.58,102.5,98.3,98.839996,434444500,14.12
"2007-04-27",98.18,99.95,97.69,99.919998,174850900,14.274285
"2007-04-30",100.09,101,99.67,99.800003,154127400,14.257143
"2007-05-01",99.59,100.35,98.55,99.470001,133130900,14.21
"2007-05-02",99.65,100.54,99.47,100.389999,126286300,14.341429
"2007-05-03",100.73,101.45,100.01,100.400002,144019400,14.342857
"2007-05-04",100.8,101.6,100.5,100.809998,95496800,14.401428
"2007-05-07",101.08,104.35,101.01,103.919998,215389300,14.845715
"2007-05-08",103.47,105.15,103.42,105.059998,195999300,15.008572
"2007-05-09",104.91,106.96,104.89,106.880005,179439400,15.268572
"2007-05-10",106.63,108.84,105.92,107.339996,299314400,15.334286
"2007-05-11",107.74,109.13,106.78,108.739998,163424100,15.534286
"2007-05-14",109.62,110,108.25,109.360001,162986600,15.622857
"2007-05-15",109.57,110.2,106.48,107.519997,238628600,15.36
"2007-05-16",108.53,108.83,103.42,107.339996,281691900,15.334286
"2007-05-17",107.15,109.87,107.15,109.440002,183822800,15.634286
"2007-05-18",110.23,110.64,109.77,110.020004,155336300,15.717143
"2007-05-21",110.31,112.45,110.05,111.979996,159973100,15.997143
"2007-05-22",112.49,113.75,112.01,113.539993,143102400,16.219999
"2007-05-23",114.02,115,112.59,112.889992,227843700,16.127142
"2007-05-24",112.81,114.46,110.37,110.689995,221840500,15.812857
"2007-05-25",112,113.78,111.5,113.619995,158239900,16.231428
"2007-05-29",114.45,114.86,112.69,114.349998,161423500,16.335714
"2007-05-30",114.3,118.88,113.53,118.769997,369611200,16.967142
"2007-05-31",120.07,122.17,119.54,121.189995,324266600,17.312857
"2007-06-01",121.1,121.19,118.29,118.400002,221315500,16.914286
"2007-06-04",118.63,121.73,117.9,121.330002,221668300,17.332857
"2007-06-05",121.41,122.69,120.5,122.670006,230196400,17.524286
"2007-06-06",122.3,124.05,121.95,123.639999,278060300,17.662857
"2007-06-07",124.99,127.61,123.19,124.069992,478769900,17.724285
"2007-06-08",125.82,125.83,122.29,124.490005,310420600,17.784286
"2007-06-11",126,126.15,119.54,120.190002,468564600,17.17
"2007-06-12",119.35,121.71,118.31,120.380005,356641600,17.197144
"2007-06-13",121.15,121.19,115.4,117.500008,430338300,16.785715
"2007-06-14",117.2,119.45,116.42,118.749992,243316500,16.964285
"2007-06-15",120.62,120.67,119.86,120.499992,202804700,17.214285
"2007-06-18",123.28,125.18,122.54,125.090004,227651200,17.870001
"2007-06-19",124.69,125.01,122.91,123.660004,235756500,17.665714
"2007-06-20",123.87,124.66,121.5,121.550003,224378000,17.364286
"2007-06-21",121.7,124.29,120.72,123.900009,216761300,17.700001
"2007-06-22",123.85,124.45,122.38,123,157969000,17.571428
"2007-06-25",124.19,125.09,121.06,122.339996,241350900,17.477142
"2007-06-26",123.98,124,118.72,119.650002,336251300,17.092857
"2007-06-27",120.61,122.04,119.26,121.889999,243674200,17.412857
"2007-06-28",122.36,122.49,120,120.559998,209535900,17.222857
"2007-06-29",121.97,124,121.09,122.040001,284460400,17.434286
"2007-07-02",121.05,122.09,119.3,121.259995,248715600,17.322857
"2007-07-03",122,127.4,121.5,127.169998,290620400,18.167143
"2007-07-05",128.8,132.97,128.69,132.75,363262900,18.964285
"2007-07-06",133.13,133.34,130.4,132.300003,218673700,18.9
"2007-07-09",132.38,132.9,129.18,130.330002,248955000,18.618572
"2007-07-10",128.88,134.5,128.81,132.350006,313751900,18.907143
"2007-07-11",132.07,133.7,131.31,132.389999,205443000,18.912857
"2007-07-12",133.85,134.24,132.39,134.069992,176152200,19.152857
"2007-07-13",135.03,137.85,134.52,137.729996,226901500,19.675714
"2007-07-16",138.39,139.98,137.5,138.099991,234028200,19.728571
"2007-07-17",138.3,139.6,137.5,138.910004,177489900,19.844286
"2007-07-18",138.19,138.44,136.04,138.119995,189214200,19.731428
"2007-07-19",140.3,140.81,139.65,140,183222900,20
"2007-07-20",141.65,144.18,140,143.75,291943400,20.535715
"2007-07-23",143.31,145.22,140.93,143.700012,259122500,20.528572
"2007-07-24",138.88,141,134.15,134.889999,448823200,19.27
"2007-07-25",137.35,138.36,135,137.26001,374045700,19.608572
"2007-07-26",145.91,148.5,136.96,146,546657300,20.857143
"2007-07-27",146.19,148.92,143.78,143.849991,290274600,20.549999
"2007-07-30",144.33,145.45,139.57,141.430008,276747100,20.204287
"2007-07-31",142.97,143.48,131.52,131.759995,440598200,18.822857
"2007-08-01",133.64,135.38,127.77,135,437539200,19.285715
"2007-08-02",136.65,136.96,134.15,136.490005,213161200,19.498571
"2007-08-03",135.26,135.95,131.5,131.850006,169796900,18.835714
"2007-08-06",132.9,135.27,128.3,135.25,231292600,19.321428
"2007-08-07",134.94,137.24,132.63,135.029999,237484100,19.290001
"2007-08-08",136.76,136.86,132,134.009995,202024200,19.144285
"2007-08-09",131.11,133,125.09,126.389999,281348900,18.055714
"2007-08-10",123.12,127.75,120.3,125,352687300,17.857143
"2007-08-13",128.32,129.35,126.5,127.790001,188227900,18.255714
"2007-08-14",128.29,128.3,123.71,124.029999,184751700,17.718571
"2007-08-15",122.74,124.86,119.65,119.899994,248213000,17.128571
"2007-08-16",117.01,118.5,111.62,117.049995,466672500,16.721428
"2007-08-17",122.01,123.5,119.82,122.060005,298765600,17.437143
"2007-08-20",123.96,124.5,120.5,122.219994,200829300,17.459999
"2007-08-21",122.21,128.96,121,127.569992,325761800,18.224285
"2007-08-22",131.22,132.75,130.33,132.51001,265441400,18.93
"2007-08-23",133.09,133.34,129.76,131.069992,216709500,18.724285
"2007-08-24",130.53,135.37,129.81,135.300003,227958500,19.328571
"2007-08-27",133.39,134.66,132.1,132.25,176859900,18.892857
"2007-08-28",130.99,132.41,126.63,126.820007,294841400,18.117144
"2007-08-29",129.88,134.18,129.54,134.080002,291715200,19.154285
"2007-08-30",132.67,138.25,132.3,136.25,358895600,19.464285
"2007-08-31",139.49,139.65,137.41,138.480011,219221800,19.782858
"2007-09-04",139.94,145.73,139.84,144.160004,329210700,20.594286
"2007-09-05",144.97,145.84,136.1,136.76001,582055600,19.537144
"2007-09-06",135.56,137.57,132.71,135.01001,475315400,19.287144
"2007-09-07",132.01,132.3,130,131.770004,357644000,18.824286
"2007-09-10",136.99,138.04,133.95,136.710007,371959700,19.530001
"2007-09-11",137.9,138.3,133.75,135.490005,242971400,19.355715
"2007-09-12",135.99,139.4,135.75,136.849991,255692500,19.549999
"2007-09-13",138.83,139,136.65,137.199997,164040800,19.6
"2007-09-14",136.57,138.98,136.2,138.809998,151830000,19.83
"2007-09-17",138.99,140.59,137.6,138.410004,198342900,19.772858
"2007-09-18",139.06,142.85,137.83,140.919998,266022400,20.131428
"2007-09-19",143.02,143.16,139.4,140.770004,256720100,20.110001
"2007-09-20",140.15,141.79,139.32,140.309998,172960200,20.044285
"2007-09-21",141.14,144.65,140.31,144.149994,284720100,20.592857
"2007-09-24",146.73,149.85,146.65,148.279999,263040400,21.182858
"2007-09-25",146.84,153.22,146.82,153.179993,298137700,21.882856
"2007-09-26",154.47,155,151.25,152.770004,243817000,21.824286
"2007-09-27",153.77,154.52,152.32,154.5,164549700,22.071428
"2007-09-28",153.44,154.6,152.75,153.470001,153775300,21.924286
"2007-10-01",154.63,157.41,152.93,156.339996,209267100,22.334286
"2007-10-02",156.55,158.59,155.89,158.449997,198017400,22.635714
"2007-10-03",157.78,159.18,157.01,157.919998,173129600,22.559999
"2007-10-04",158,158.08,153.5,156.23999,164239600,22.32
"2007-10-05",158.37,161.58,157.7,161.449997,235867800,23.064285
"2007-10-08",163.49,167.91,162.97,167.910004,208982200,23.987143
"2007-10-09",170.2,171.11,166.68,167.860001,276071600,23.98
"2007-10-10",167.55,167.88,165.6,166.789993,166897500,23.827143
"2007-10-11",169.49,171.88,153.21,162.229996,410998000,23.175714
"2007-10-12",163.01,167.28,161.8,167.25,247044000,23.892857
"2007-10-15",167.98,169.57,163.5,166.980011,269482500,23.854286
"2007-10-16",165.54,170.18,165.15,169.580002,266957600,24.225714
"2007-10-17",172.69,173.04,169.18,172.75,281903300,24.678572
"2007-10-18",171.5,174.19,171.05,173.5,205919000,24.785715
"2007-10-19",174.24,174.63,170,170.419998,322945000,24.345715
"2007-10-22",170.35,174.9,169.96,174.360001,412374900,24.908571
"2007-10-23",188.56,188.6,182.76,186.160004,448791000,26.594286
"2007-10-24",185.81,187.21,179.24,185.929993,322120400,26.561428
"2007-10-25",184.87,185.9,181.66,182.779999,243400500,26.111429
"2007-10-26",185.29,185.37,182.88,184.699997,176719200,26.385714
"2007-10-29",185.45,186.59,184.7,185.089996,135138500,26.441429
"2007-10-30",186.18,189.37,184.73,187,234853500,26.714285
"2007-10-31",187.63,190.12,184.95,189.949997,208327700,27.135714
"2007-11-01",188.6,190.1,180,187.440002,201259100,26.777143
"2007-11-02",189.21,189.44,183.49,187.869995,250528600,26.838572
"2007-11-05",185.29,188.96,184.24,186.180008,201044200,26.597143
"2007-11-06",187.05,192,185.27,191.789993,238681800,27.398571
"2007-11-07",190.61,192.68,186.13,186.300003,248581900,26.614286
"2007-11-08",186.67,186.9,167.77,175.470001,472594500,25.067142
"2007-11-09",171.15,175.12,165.21,165.37001,381595200,23.624287
"2007-11-12",165.28,167.7,150.63,153.759995,442266300,21.965714
"2007-11-13",160.85,170.98,153.76,169.960007,434861700,24.280001
"2007-11-14",177.16,177.57,163.74,166.110001,362292000,23.73
"2007-11-15",166.39,169.59,160.3,164.299988,371852600,23.471428
"2007-11-16",165.3,167.02,159.33,166.389999,345873500,23.77
"2007-11-19",166.1,168.2,162.1,163.949997,288607200,23.421429
"2007-11-20",165.67,171.79,163.53,168.850006,385910700,24.121429
"2007-11-21",165.84,172.35,164.67,168.459991,304452400,24.065714
"2007-11-23",172,172.05,169.75,171.540009,116439400,24.505714
"2007-11-26",173.59,177.27,172.35,172.539993,326438700,24.648571
"2007-11-27",175.22,175.79,170.01,174.809998,329257600,24.972857
"2007-11-28",176.82,180.6,175.35,180.220001,287728000,25.745714
"2007-11-29",179.43,185.17,179.15,184.289993,262731700,26.327143
"2007-11-30",187.34,187.7,179.7,182.220001,296950500,26.031429
"2007-12-03",181.86,184.14,177.7,178.860001,240367400,25.551428
"2007-12-04",177.15,180.9,176.99,179.809998,193449900,25.687143
"2007-12-05",182.89,186,182.41,185.5,223100500,26.5
"2007-12-06",186.19,190.1,186.12,189.949997,224952700,27.135714
"2007-12-07",190.54,194.99,188.04,194.300003,266516600,27.757143
"2007-12-10",193.59,195.66,192.69,194.209991,180594400,27.744286
"2007-12-11",194.75,196.83,187.39,188.540009,277731300,26.934286
"2007-12-12",193.44,194.48,185.76,190.860001,306415200,27.265715
"2007-12-13",190.19,192.12,187.82,191.830002,216154400,27.404285
"2007-12-14",190.37,193.2,189.54,190.389999,168578200,27.198572
"2007-12-17",190.72,192.65,182.98,184.399994,256173400,26.342857
"2007-12-18",186.52,187.33,178.6,182.979996,305650800,26.139999
"2007-12-19",182.98,184.64,180.9,183.119995,206869600,26.16
"2007-12-20",185.43,187.83,183.33,187.209991,193514300,26.744286
"2007-12-21",190.12,193.91,189.89,193.910004,248490200,27.701429
"2007-12-24",195.03,199.33,194.79,198.800003,120050700,28.4
"2007-12-26",199.01,200.96,196.82,198.949997,175933100,28.421429
"2007-12-27",198.95,202.96,197.8,198.570007,198881900,28.367144
"2007-12-28",200.59,201.56,196.88,199.829987,174911800,28.547142
"2007-12-31",199.5,200.5,197.75,198.079987,134833300,28.297142
"2008-01-02",199.27,200.26,192.55,194.839996,269794700,27.834286
"2008-01-03",195.41,197.39,192.69,194.930008,210516600,27.847143
"2008-01-04",191.45,193,178.89,180.049988,363958000,25.721428
"2008-01-07",181.25,183.6,170.23,177.639999,518048300,25.377142
"2008-01-08",180.14,182.46,170.8,171.25,380954000,24.464285
"2008-01-09",171.3,179.5,168.3,179.399994,453470500,25.628571
"2008-01-10",177.58,181,175.41,178.020004,370743800,25.431429
"2008-01-11",176,177.85,170,172.690002,308071400,24.67
"2008-01-14",177.52,179.42,175.17,178.779999,275112600,25.540001
"2008-01-15",177.72,179.22,164.66,169.039993,585819500,24.148571
"2008-01-16",165.23,169.01,156.7,159.639999,553461300,22.805714
"2008-01-17",161.51,165.36,158.42,160.889999,439464900,22.984285
"2008-01-18",161.71,165.75,159.61,161.360001,431085900,23.051428
"2008-01-22",148.06,159.98,146,155.639999,608688500,22.234285
"2008-01-23",136.19,140,126.14,139.070007,843242400,19.867144
"2008-01-24",139.99,140.7,132.01,135.600006,501466700,19.371429
"2008-01-25",138.99,139.09,129.61,130.009995,388684800,18.572857
"2008-01-28",128.16,133.2,126.45,130.009995,368711000,18.572857
"2008-01-29",131.15,132.79,129.05,131.540009,274995700,18.79143
"2008-01-30",131.37,135.45,130,132.179993,310762900,18.882856
"2008-01-31",129.45,136.65,129.4,135.360001,336418600,19.337143
"2008-02-01",136.24,136.59,132.18,133.75,252686000,19.107143
"2008-02-04",134.21,135.9,131.42,131.649994,224808500,18.807142
"2008-02-05",130.43,134,128.9,129.360001,285260500,18.48
"2008-02-06",130.83,131.92,121.77,122,393318100,17.428572
"2008-02-07",119.97,124.78,117.27,121.239998,520832900,17.32
"2008-02-08",122.08,125.7,121.6,125.480003,338993200,17.925714
"2008-02-11",128.01,129.98,127.2,129.449997,300358100,18.492857
"2008-02-12",130.7,131,123.62,124.860001,306495000,17.837143
"2008-02-13",126.68,129.78,125.63,129.399994,242133500,18.485714
"2008-02-14",129.4,130.8,127.01,127.459991,238524300,18.20857
"2008-02-15",126.27,127.08,124.06,124.629997,225325100,17.804285
"2008-02-19",125.99,126.75,121.44,122.180008,251261500,17.454287
"2008-02-20",122.2,124.6,121.68,123.820007,241859800,17.688572
"2008-02-21",126.05,126.47,120.86,121.540009,234528700,17.362858
"2008-02-22",122.48,122.51,115.87,119.459999,382469500,17.065714
"2008-02-25",118.59,120.17,116.66,119.740005,314193600,17.105715
"2008-02-26",117.64,121.09,115.44,119.150002,376222000,17.021429
"2008-02-27",118.23,123.05,118.09,122.959999,368784500,17.565714
"2008-02-28",127.2,132.2,125.77,129.910004,404563600,18.558571
"2008-02-29",129.29,130.21,124.8,125.020004,313870200,17.860001
"2008-03-03",124.44,125.98,118,121.729996,398260800,17.389999
"2008-03-04",121.99,124.88,120.4,124.619995,446345900,17.802856
"2008-03-05",123.58,125.14,122.25,124.490005,305459000,17.784286
"2008-03-06",124.61,127.5,120.81,120.930008,368424700,17.275715
"2008-03-07",120.41,122.98,119.05,122.249992,307615700,17.464285
"2008-03-10",121.98,123.46,119.37,119.690002,249897200,17.098572
"2008-03-11",124.1,127.48,122,127.350006,290985800,18.192858
"2008-03-12",127.04,128.68,125.17,126.029999,264907300,18.004286
"2008-03-13",124.1,129.5,123,127.940002,315525700,18.277143
"2008-03-14",129.88,130.3,124.2,126.610001,289160200,18.087143
"2008-03-17",122.55,128.59,122.55,126.730003,268149700,18.104286
"2008-03-18",129.18,133,128.67,132.819992,301280000,18.974285
"2008-03-19",133.12,134.29,129.67,129.669998,252634200,18.524286
"2008-03-20",131.12,133.29,129.18,133.270004,227196900,19.038572
"2008-03-24",134.01,140.85,133.64,139.529999,266730100,19.932858
"2008-03-25",139.96,143.1,137.33,140.979996,263097800,20.139999
"2008-03-26",140.87,145.74,140.64,145.059998,295521100,20.722857
"2008-03-27",144.95,145.31,139.99,140.25,249957400,20.035715
"2008-03-28",141.8,144.65,141.6,143.01001,178652600,20.43
"2008-03-31",143.27,145.71,142.52,143.5,192016300,20.5
"2008-04-01",146.3,149.66,143.61,149.529999,258141800,21.361429
"2008-04-02",148.78,151.2,145.85,147.48999,261242100,21.07
"2008-04-03",147.06,153.63,147,151.610001,262892000,21.658571
"2008-04-04",152.19,154.71,150.75,153.080002,213604300,21.868572
"2008-04-07",156.13,159.69,155.11,155.889999,289581600,22.27
"2008-04-08",153.55,156.45,152.32,152.839996,253573600,21.834286
"2008-04-09",153.31,153.89,150.46,151.440002,218349600,21.634285
"2008-04-10",151.13,155.42,150.6,154.550003,238940800,22.078571
"2008-04-11",152.72,153.3,146.4,147.139999,302519000,21.02
"2008-04-14",146.77,149.25,144.54,147.779999,211271900,21.111429
"2008-04-15",149.4,149.72,145.72,148.380005,174509300,21.197144
"2008-04-16",151.72,154.1,150.62,153.700012,198943500,21.957144
"2008-04-17",154.17,156,153.35,154.48999,176066800,22.07
"2008-04-18",159.12,162.26,158.38,161.040009,256691400,23.005714
"2008-04-21",162.21,168.5,161.76,168.160004,259788200,24.022858
"2008-04-22",167.4,168,158.09,160.199997,359893100,22.885714
"2008-04-23",164.05,164.84,161.08,162.889999,376047700,23.27
"2008-04-24",165.34,169.98,159.19,168.940002,424016600,24.134285
"2008-04-25",170.7,171.1,166.42,169.729996,248118500,24.247143
"2008-04-28",169.75,173.75,169.13,172.240005,196803600,24.605715
"2008-04-29",171.11,175.66,170.25,175.050003,230869100,25.007143
"2008-04-30",176.19,180,172.92,173.949997,284881100,24.85
"2008-05-01",174.96,180,174.86,180,225894200,25.714285
"2008-05-02",180.19,181.92,178.55,180.940002,251520500,25.848572
"2008-05-05",181.92,185.31,181.05,184.729996,213639300,26.389999
"2008-05-06",184.66,187.12,182.18,186.660004,229717600,26.665714
"2008-05-07",186.05,188.2,180.54,182.589996,289283400,26.084286
"2008-05-08",183.77,186.5,183.07,185.059998,224771400,26.437143
"2008-05-09",183.16,184.25,181.37,183.450012,168268100,26.207144
"2008-05-12",185.21,188.87,182.85,188.159988,204640800,26.879999
"2008-05-13",188.61,191.45,187.86,189.959991,205809100,27.137142
"2008-05-14",191.23,192.24,185.57,186.26001,229205900,26.608572
"2008-05-15",186.81,189.9,184.2,189.730011,218302000,27.104286
"2008-05-16",190.11,190.3,187,187.619995,191442300,26.802856
"2008-05-19",187.86,188.69,181.3,183.599991,236455100,26.228571
"2008-05-20",181.82,186.16,180.12,185.899994,242462500,26.557142
"2008-05-21",185.67,187.95,176.25,178.190002,289414300,25.455715
"2008-05-22",179.26,181.33,172,177.049988,301683900,25.292856
"2008-05-23",180.77,181.99,177.8,181.169998,226729300,25.881428
"2008-05-27",182.75,186.43,181.84,186.429993,197476300,26.632856
"2008-05-28",187.41,187.95,183.72,187.009995,185994900,26.715714
"2008-05-29",186.76,188.2,185.5,186.690002,161796600,26.67
"2008-05-30",187.45,189.54,187.38,188.75,152546100,26.964285
"2008-06-02",188.6,189.65,184.53,186.100006,169960000,26.585714
"2008-06-03",186.86,188.2,182.34,185.369995,187630100,26.481428
"2008-06-04",184.02,187.09,183.23,185.190002,181745900,26.455715
"2008-06-05",186.34,189.84,185.7,189.429993,188861400,27.061428
"2008-06-06",188,189.95,185.55,185.639999,241605700,26.52
"2008-06-09",184.79,184.94,175.75,181.610001,472098200,25.944286
"2008-06-10",180.51,186.78,179.02,185.639999,285235300,26.52
"2008-06-11",184.34,186,179.59,180.809998,240387700,25.83
"2008-06-12",181.49,182.6,171.2,173.259995,327083400,24.751429
"2008-06-13",171.64,174.16,165.31,172.37001,336489300,24.624287
"2008-06-16",171.3,177.9,169.07,176.839996,262932600,25.262857
"2008-06-17",178.1,181.99,177.41,181.429993,224914200,25.918571
"2008-06-18",181.12,182.2,177.35,178.75,202867000,25.535715
"2008-06-19",178.55,182.34,176.8,180.899994,197987300,25.842857
"2008-06-20",179.35,181,175,175.270004,222091800,25.038572
"2008-06-23",174.74,175.88,171.56,173.160004,161445200,24.737143
"2008-06-24",172.37,175.78,171.63,173.25,155486800,24.75
"2008-06-25",174.61,178.83,173.88,177.389999,161112700,25.341429
"2008-06-26",174.07,174.84,168.01,168.26001,217402500,24.037144
"2008-06-27",166.51,170.57,164.15,170.089996,260562400,24.298571
"2008-06-30",170.19,172,166.62,167.440002,171049200,23.92
"2008-07-01",164.23,174.72,164,174.680008,277820200,24.954287
"2008-07-02",175.2,177.45,168.18,168.180008,209379800,24.025715
"2008-07-03",169.59,172.17,165.75,170.119995,130840500,24.302856
"2008-07-07",173.16,177.13,171.9,175.160004,205097900,25.022858
"2008-07-08",175.4,179.7,172.74,179.550003,222087600,25.65
"2008-07-09",180.2,180.91,174.14,174.25,223944000,24.892857
"2008-07-10",174.92,177.34,171.37,176.630005,210172200,25.232857
"2008-07-11",175.47,177.11,171,172.580002,232502900,24.654285
"2008-07-14",179.24,179.3,173.08,173.880005,221513600,24.84
"2008-07-15",172.48,173.74,166.39,169.639999,260010800,24.234285
"2008-07-16",170.2,172.93,168.6,172.809998,186947600,24.687143
"2008-07-17",174.1,174.98,171.39,171.809998,189381500,24.544285
"2008-07-18",168.52,169.65,165,165.149994,217103600,23.592857
"2008-07-21",166.9,167.5,161.12,166.290009,340117400,23.755714
"2008-07-22",149,162.76,146.53,162.019989,469898100,23.145714
"2008-07-23",164.99,168.37,161.56,166.259995,265442100,23.751429
"2008-07-24",164.32,165.26,158.45,159.029999,209904800,22.718571
"2008-07-25",160.4,163,158.65,162.119995,158409300,23.16
"2008-07-28",162.34,162.47,154.02,154.399994,195178200,22.057142
"2008-07-29",155.41,159.45,153.65,157.080002,171017700,22.440001
"2008-07-30",157.78,160.49,156.08,159.880005,181295800,22.84
"2008-07-31",157.54,162.2,156.98,158.950012,159374600,22.707144
"2008-08-01",159.9,159.99,155.75,156.659988,136159800,22.379999
"2008-08-04",156.6,157.9,152.91,153.229996,148131900,21.889999
"2008-08-05",155.42,160.8,154.82,160.639999,172092900,22.948572
"2008-08-06",159.97,167.4,158,164.190002,197852200,23.455715
"2008-08-07",162.71,166.15,161.5,163.570007,168093100,23.367144
"2008-08-08",163.86,169.65,163.75,169.549988,178499300,24.221428
"2008-08-11",170.07,176.5,169.67,173.559998,222826100,24.794285
"2008-08-12",173.52,179.29,173.51,176.729996,209069700,25.247143
"2008-08-13",177.98,180,175.9,179.300003,210586600,25.614286
"2008-08-14",178.33,180.45,177.84,179.320007,177825200,25.617144
"2008-08-15",179.04,179.75,175.05,175.740005,177062900,25.105715
"2008-08-18",175.57,177.81,173.82,175.389999,138003600,25.055714
"2008-08-19",174.54,177.07,171.81,173.529999,154051100,24.790001
"2008-08-20",174.77,176.94,173.61,175.840012,126737800,25.120001
"2008-08-21",174.47,175.45,171.89,174.289993,134936200,24.898571
"2008-08-22",175.82,177.5,175.57,176.790009,109902800,25.255714
"2008-08-25",176.15,176.23,171.66,172.550003,121106300,24.65
"2008-08-26",172.76,174.88,172.61,173.639999,111387500,24.805714
"2008-08-27",173.31,175.76,172.19,174.670013,119445200,24.952858
"2008-08-28",175.28,176.25,172.75,173.73999,107846200,24.82
"2008-08-29",172.96,173.5,169.04,169.529999,149822400,24.218571
"2008-09-02",172.4,173.5,165,166.190002,195190800,23.741428
"2008-09-03",166.84,168.68,164,166.960007,183708700,23.851429
"2008-09-04",165.86,167.91,160.81,161.220001,185846500,23.031429
"2008-09-05",158.59,162.4,157.65,160.179993,196721000,22.882856
"2008-09-08",164.57,164.89,151.46,157.919998,261494800,22.559999
"2008-09-09",156.86,159.96,149.79,151.679993,311256400,21.668571
"2008-09-10",152.32,154.99,148.8,151.610001,243285700,21.658571
"2008-09-11",148.18,152.99,146,152.649994,242783800,21.807142
"2008-09-12",150.91,150.91,146.5,148.940002,198256800,21.277143
"2008-09-15",142.03,147.69,140.36,140.360001,230158600,20.051428
"2008-09-16",133.86,142.5,132.15,139.880005,299959100,19.982857
"2008-09-17",138.49,138.51,127.83,127.830002,300113800,18.261429
"2008-09-18",130.57,135.43,120.68,134.089996,419063400,19.155714
"2008-09-19",142.6,144.2,136.31,140.909988,357718900,20.129999
"2008-09-22",139.94,140.25,130.66,131.049988,214178300,18.721428
"2008-09-23",131.85,135.8,126.66,126.840004,320091100,18.120001
"2008-09-24",127.27,130.95,125.15,128.709991,261753800,18.387142
"2008-09-25",129.8,134.79,128.52,131.930008,251511400,18.847143
"2008-09-26",124.91,129.8,123,128.23999,281612800,18.32
"2008-09-29",119.62,119.68,100.59,105.260002,655514300,15.037143
"2008-09-30",108.25,115,106.3,113.659996,406670600,16.237143
"2008-10-01",111.92,112.36,107.39,109.120003,324121000,15.588572
"2008-10-02",108.01,108.79,100,100.099998,402341100,14.3
"2008-10-03",104,106.5,94.65,97.07,573599600,13.867143
"2008-10-06",91.96,98.78,87.54,98.139999,526854300,14.02
"2008-10-07",100.48,101.5,88.95,89.159996,469693000,12.737143
"2008-10-08",85.91,96.33,85.68,89.790001,551935300,12.827143
"2008-10-09",93.35,95.8,86.6,88.740005,404345900,12.677143
"2008-10-10",85.7,100,85,96.800003,554824900,13.828571
"2008-10-13",104.55,110.53,101.02,110.260002,384769000,15.751429
"2008-10-14",116.26,116.4,103.14,104.080002,495248600,14.868571
"2008-10-15",103.84,107,97.89,97.949997,396043900,13.992857
"2008-10-16",99.77,103.43,91.74,101.889999,495130300,14.555715
"2008-10-17",99.6,102.04,85.89,97.400002,440556900,13.914286
"2008-10-20",99.78,100.03,93.64,98.439995,387292500,14.062857
"2008-10-21",96.95,97.9,91.16,91.489998,548415000,13.07
"2008-10-22",97.37,101.25,92.93,96.870003,562202200,13.838572
"2008-10-23",96.51,99.25,91.9,98.229996,418857600,14.032857
"2008-10-24",90.33,97.9,90.11,96.380005,397514600,13.768572
"2008-10-27",95.07,97.63,91.86,92.089996,302192800,13.155714
"2008-10-28",95.43,100.5,92.37,99.909996,408533300,14.272857
"2008-10-29",100.86,109.54,99.94,104.550003,487744600,14.935715
"2008-10-30",108.23,112.19,107.61,111.040001,409522400,15.862857
"2008-10-31",107.4,110.78,105.14,107.589996,414939000,15.37
"2008-11-03",105.93,109.1,104.86,106.959999,264484500,15.28
"2008-11-04",109.99,111.79,106.67,110.989998,349670300,15.855714
"2008-11-05",108.91,109.72,102.99,103.300003,314113800,14.757143
"2008-11-06",101.05,102.78,98,99.099998,329768600,14.157143
"2008-11-07",99.24,99.85,95.72,98.239998,273813400,14.034286
"2008-11-10",100.17,100.4,94.5,95.879997,280955500,13.697143
"2008-11-11",94.81,97.17,92.26,94.769997,306134500,13.538571
"2008-11-12",92.43,93.24,90.01,90.120003,294744100,12.874286
"2008-11-13",89.87,96.44,86.02,96.439995,463521800,13.777143
"2008-11-14",93.76,93.99,90,90.240005,351316700,12.891429
"2008-11-17",88.48,90.55,87.26,88.139999,290631600,12.591429
"2008-11-18",89.64,90.99,86.86,89.910004,302423800,12.844286
"2008-11-19",89.44,91.58,86.21,86.290001,292975200,12.327143
"2008-11-20",85.24,86.45,80,80.489998,429203600,11.498571
"2008-11-21",81.93,84.12,79.14,82.580002,392317800,11.797143
"2008-11-24",85.21,94.79,84.84,92.949997,360564400,13.278571
"2008-11-25",94.63,94.71,88.16,90.800003,308823200,12.971429
"2008-11-26",89.92,95.25,89.85,95,224959000,13.571428
"2008-11-28",94.7,94.76,91.86,92.669998,74443600,13.238571
"2008-12-01",91.3,92.27,88.92,88.93,230941900,12.704286
"2008-12-02",90.03,92.65,86.5,92.470001,287180600,13.21
"2008-12-03",89.4,96.23,88.8,95.900002,334670000,13.7
"2008-12-04",94.43,95.21,89.06,91.410004,272842500,13.058572
"2008-12-05",90.35,94.49,88.86,94,260948800,13.428572
"2008-12-08",97.28,100.8,95.8,99.720001,296285500,14.245714
"2008-12-09",98.04,103.6,97.21,100.059998,300874000,14.294286
"2008-12-10",97.87,99.49,96.5,98.209999,234511900,14.03
"2008-12-11",97.35,101.24,94.83,95,260154300,13.571428
"2008-12-12",92.8,99,92.53,98.269997,260293600,14.038571
"2008-12-15",95.99,96.21,93,94.75,222939500,13.535714
"2008-12-16",93.98,96.48,92.75,95.43,273376600,13.632857
"2008-12-17",91.03,91.1,88.02,89.159996,323465100,12.737143
"2008-12-18",89.31,90.83,88.44,89.43,214354000,12.775714
"2008-12-19",89.94,90.94,88.8,90,200480000,12.857142
"2008-12-22",90.02,90.03,84.69,85.739998,211185100,12.248571
"2008-12-23",86.87,87.87,85.9,86.380005,158757900,12.34
"2008-12-24",86.14,86.25,84.55,85.039993,67833500,12.148571
"2008-12-26",86.64,87.42,85.24,85.809998,77081200,12.258572
"2008-12-29",86.52,87.62,85.07,86.610001,171500000,12.372857
"2008-12-30",87.42,88.05,84.72,86.290001,241900400,12.327143
"2008-12-31",85.97,87.74,85.34,85.349998,151885300,12.192857
"2009-01-02",85.88,91.04,85.16,90.75,186503800,12.964286
"2009-01-05",93.17,96.18,92.71,94.580002,295402100,13.511429
"2009-01-06",95.95,97.17,92.39,93.019997,322327600,13.288571
"2009-01-07",91.81,92.5,90.26,91.010002,188262200,13.001429
"2009-01-08",90.43,93.15,90.04,92.699997,168375200,13.242857
"2009-01-09",93.21,93.38,90.14,90.579994,136711400,12.94
"2009-01-12",90.46,90.99,87.55,88.660004,154429100,12.665714
"2009-01-13",88.24,89.74,86.35,87.709999,199599400,12.53
"2009-01-14",86.24,87.25,84.72,85.329994,255416000,12.19
"2009-01-15",80.57,84.12,80.05,83.379997,457908500,11.911428
"2009-01-16",84.3,84.38,80.4,82.330002,261906400,11.761429
"2009-01-20",81.93,82,78.2,78.199997,229978700,11.171429
"2009-01-21",79.39,82.88,79.31,82.830002,272317500,11.832857
"2009-01-22",88.04,90,85.82,88.360001,352382100,12.622857
"2009-01-23",86.82,89.87,86.5,88.360001,190942500,12.622857
"2009-01-26",88.86,90.97,88.3,89.639999,173059600,12.805715
"2009-01-27",90.19,91.55,89.74,90.730003,154509600,12.961429
"2009-01-28",92.12,95,91.5,94.199997,215351500,13.457143
"2009-01-29",93.09,94.34,92.6,93,148182300,13.285714
"2009-01-30",92.6,93.62,90.01,90.129997,162869700,12.875714
"2009-02-02",89.1,92,88.9,91.509995,139561800,13.072857
"2009-02-03",91.92,93.38,90.28,92.979996,149827300,13.282857
"2009-02-04",93.22,96.25,93.1,93.549995,202105400,13.364285
"2009-02-05",92.77,97.25,92.62,96.459999,187311600,13.78
"2009-02-06",97.02,100,97,99.720001,171802400,14.245714
"2009-02-09",100,103,99.5,102.510002,178752700,14.644286
"2009-02-10",101.33,102.51,97.06,97.830002,212265200,13.975715
"2009-02-11",96.37,98.31,95.77,96.82,168743400,13.831429
"2009-02-12",95.83,99.75,95.83,99.270004,204297100,14.181429
"2009-02-13",98.99,99.94,98.12,99.160004,152244400,14.165714
"2009-02-17",96.87,97.04,94.28,94.529999,169559600,13.504286
"2009-02-18",95.05,95.85,92.72,94.369995,171194800,13.481428
"2009-02-19",93.37,94.25,90.11,90.639999,230701100,12.948571
"2009-02-20",89.4,92.4,89,91.199997,187579000,13.028571
"2009-02-23",91.65,92,86.51,86.949997,196745500,12.421429
"2009-02-24",87.45,90.89,87,90.25,201776400,12.892858
"2009-02-25",89.86,92.92,89.25,91.159996,208263300,13.022857
"2009-02-26",92,92.92,88.96,89.190002,157467100,12.741428
"2009-02-27",87.93,91.3,87.67,89.309998,176664600,12.758572
"2009-03-02",88.12,91.2,87.67,87.939995,192732400,12.562857
"2009-03-03",88.93,90.74,87.88,88.370003,181085100,12.624286
"2009-03-04",90.18,92.77,89.45,91.169998,185350900,13.024285
"2009-03-05",90.46,91.87,88.45,88.839996,176724800,12.691428
"2009-03-06",88.34,88.4,82.33,85.300003,252786800,12.185715
"2009-03-09",84.18,87.6,82.57,83.110001,174574400,11.872857
"2009-03-10",84.87,89.17,84.36,88.629997,211064700,12.661428
"2009-03-11",89.81,94.07,89.58,92.68,211593200,13.24
"2009-03-12",92.9,96.58,92,96.350006,192114300,13.764286
"2009-03-13",96.3,97.2,95.01,95.93,150292100,13.704286
"2009-03-16",96.53,97.39,94.18,95.419998,199311000,13.631429
"2009-03-17",95.24,99.69,95.07,99.659996,196661500,14.237143
"2009-03-18",99.91,103.48,99.72,101.520004,199009300,14.502857
"2009-03-19",101.85,103.2,100.25,101.620003,125045200,14.517143
"2009-03-20",102.09,103.11,100.57,101.590004,173896800,14.512857
"2009-03-23",102.71,108.16,101.75,107.660004,166599300,15.38
"2009-03-24",106.36,109.44,105.39,106.5,160153000,15.214286
"2009-03-25",107.58,108.36,103.86,106.489998,161654500,15.212857
"2009-03-26",107.83,109.98,107.58,109.869995,154063000,15.695714
"2009-03-27",108.23,108.53,106.4,106.850006,123218200,15.264286
"2009-03-30",104.51,105.01,102.61,104.490005,125699000,14.927143
"2009-03-31",105.45,107.45,105,105.120003,142520000,15.017143
"2009-04-01",104.09,109,103.89,108.689995,147343000,15.527143
"2009-04-02",110.14,114.75,109.78,112.710007,203091700,16.101429
"2009-04-03",114.19,116.13,113.52,115.989998,159060300,16.57
"2009-04-06",114.94,118.75,113.28,118.449997,164516100,16.921429
"2009-04-07",116.53,116.67,114.19,115,134145200,16.428572
"2009-04-08",115.43,116.79,114.58,116.320007,113907500,16.617144
"2009-04-09",118.42,120,117.96,119.57,132689200,17.081429
"2009-04-13",120.01,120.98,119,120.220001,97309100,17.174286
"2009-04-14",119.57,120.17,117.25,118.309998,113655500,16.901428
"2009-04-15",117.2,118.25,115.76,117.639999,103220600,16.805714
"2009-04-16",119.19,123.15,118.79,121.450005,148361500,17.35
"2009-04-17",121.18,124.25,120.25,123.419998,124373900,17.631428
"2009-04-20",121.73,122.99,119.16,120.499992,116616500,17.214285
"2009-04-21",118.89,122.14,118.6,121.759995,117671400,17.394285
"2009-04-22",122.63,125.35,121.2,121.510002,234691800,17.358572
"2009-04-23",126.62,127.2,123.51,125.400002,236289200,17.914286
"2009-04-24",124.64,125.14,122.97,123.900009,135191000,17.700001
"2009-04-27",122.9,125,122.66,124.729996,120172500,17.818571
"2009-04-28",123.35,126.21,123.26,123.900009,113964200,17.700001
"2009-04-29",124.85,126.85,123.83,125.139992,114527700,17.877142
"2009-04-30",126.22,127,124.92,125.829994,124622400,17.975714
"2009-05-01",125.8,127.95,125.8,127.240005,99379000,18.177143
"2009-05-04",128.24,132.25,127.68,132.070007,152339600,18.867144
"2009-05-05",131.75,132.86,131.12,132.709991,99563800,18.95857
"2009-05-06",133.33,133.5,130.22,132.5,118384700,18.928572
"2009-05-07",132.33,132.39,127.9,129.059998,132944000,18.437143
"2009-05-08",129.04,131.23,126.26,129.190002,116991000,18.455715
"2009-05-11",127.37,130.96,127.12,129.570007,101164700,18.51
"2009-05-12",129.56,129.71,123.25,124.420006,152370400,17.774286
"2009-05-13",123.21,124.02,119.38,119.489998,148992900,17.07
"2009-05-14",119.78,123.53,119.7,122.949997,111956600,17.564285
"2009-05-15",122.32,124.62,121.61,122.419998,91891800,17.488571
"2009-05-18",123.73,126.7,121.57,126.650002,114710400,18.092857
"2009-05-19",126.82,129.31,125.74,127.450005,93105600,18.207144
"2009-05-20",127.63,129.21,125.3,125.869995,97146000,17.981428
"2009-05-21",125.15,126.78,122.89,124.18,101986500,17.74
"2009-05-22",124.05,124.18,121.75,122.5,74499600,17.5
"2009-05-26",124.76,130.83,124.55,130.779999,159231800,18.682858
"2009-05-27",131.78,134.98,130.91,133.050003,161605500,19.007143
"2009-05-28",133.45,135.39,132.03,135.069992,121888200,19.295713
"2009-05-29",135.39,135.9,133.85,135.809998,114133600,19.401428
"2009-06-01",136.47,139.99,136,139.350006,113124900,19.907143
"2009-06-02",138.99,141.34,138.35,139.490005,114055900,19.927143
"2009-06-03",140,141.11,139.07,140.949997,141299900,20.135714
"2009-06-04",140.13,144.18,140.04,143.740005,137658500,20.534286
"2009-06-05",145.31,146.4,143.21,144.669998,158179000,20.667143
"2009-06-08",143.82,144.23,139.43,143.849991,232913100,20.549999
"2009-06-09",143.81,144.56,140.55,142.720001,169241100,20.388571
"2009-06-10",142.28,142.35,138.3,140.25,172155900,20.035715
"2009-06-11",139.55,141.56,138.55,139.949997,131205900,19.992857
"2009-06-12",138.81,139.1,136.04,136.970001,140771400,19.567142
"2009-06-15",136.01,136.93,134.89,136.089996,134937600,19.441429
"2009-06-16",136.66,138.47,136.1,136.349991,128701300,19.478571
"2009-06-17",136.67,137.45,134.53,135.580002,142853200,19.368572
"2009-06-18",136.11,138,135.59,135.880005,106920100,19.411428
"2009-06-19",138.07,139.5,136.9,139.479996,180464200,19.925714
"2009-06-22",140.67,141.56,136.33,137.37001,158728500,19.624287
"2009-06-23",136.4,136.95,132.88,134.009995,176633100,19.144285
"2009-06-24",135.42,137.5,134.86,136.220001,121381400,19.459999
"2009-06-25",135.75,140.2,135.21,139.860001,147361900,19.98
"2009-06-26",139.79,143.56,139.74,142.440002,109846100,20.348572
"2009-06-29",143.46,143.95,141.54,141.970001,141904000,20.281429
"2009-06-30",142.58,143.8,141.8,142.430008,108556000,20.347143
"2009-07-01",143.5,144.66,142.52,142.830002,103544700,20.404285
"2009-07-02",141.25,142.83,139.79,140.020004,92619800,20.002857
"2009-07-06",138.7,138.99,136.25,138.610001,124672100,19.801428
"2009-07-07",138.48,139.68,135.18,135.399994,115399200,19.342857
"2009-07-08",135.92,138.04,134.42,137.220001,143982300,19.602858
"2009-07-09",137.76,137.99,135.93,136.360001,85756300,19.48
"2009-07-10",136.34,138.97,136.32,138.520004,111318900,19.788572
"2009-07-13",139.54,142.34,137.53,142.339996,120875300,20.334286
"2009-07-14",142.03,143.18,141.16,142.270004,86811900,20.324286
"2009-07-15",145.04,147,144.32,146.880005,121396800,20.982857
"2009-07-16",145.76,148.02,145.57,147.520004,98392700,21.074286
"2009-07-17",149.08,152.02,148.63,151.75,150538500,21.678572
"2009-07-20",153.27,155.04,150.89,152.910004,183881600,21.844286
"2009-07-21",153.29,153.43,149.75,151.509995,218695400,21.644285
"2009-07-22",157.79,158.73,156.11,156.73999,218526000,22.391428
"2009-07-23",156.63,158.44,155.56,157.819992,131740700,22.545713
"2009-07-24",156.95,160,156.5,159.990005,109590600,22.855715
"2009-07-27",160.17,160.88,157.26,160.100006,108327800,22.871429
"2009-07-28",158.88,160.1,157.6,160,90888700,22.857143
"2009-07-29",158.9,160.45,158.25,160.029999,95539500,22.861429
"2009-07-30",161.7,164.72,161.5,162.790009,117401200,23.255714
"2009-07-31",162.99,165,162.91,163.389999,105634200,23.341429
"2009-08-03",165.21,166.64,164.87,166.430008,98560000,23.775715
"2009-08-04",164.93,165.57,164.21,165.550003,98952700,23.65
"2009-08-05",165.75,167.39,164.21,165.110001,105795900,23.587143
"2009-08-06",165.58,166.51,163.09,163.910004,85404200,23.415714
"2009-08-07",165.49,166.6,164.8,165.509995,96838700,23.644285
"2009-08-10",165.66,166.6,163.66,164.720001,75073600,23.531429
"2009-08-11",163.69,164.38,161.88,162.830002,88835600,23.261429
"2009-08-12",162.55,166.71,162.46,165.309998,111267800,23.615715
"2009-08-13",166.65,168.67,166.5,168.419998,109995200,24.059999
"2009-08-14",167.94,168.23,165.53,166.779999,76454000,23.825714
"2009-08-17",163.55,163.59,159.42,159.589996,131095300,22.798571
"2009-08-18",161.63,164.24,161.41,164,107788100,23.428572
"2009-08-19",162.75,165.3,162.45,164.600006,103317900,23.514286
"2009-08-20",164.98,166.72,164.61,166.330002,85507800,23.761429
"2009-08-21",167.65,169.37,166.8,169.220001,104018600,24.174286
"2009-08-24",170.12,170.71,168.27,169.059998,101732400,24.151428
"2009-08-25",169.46,170.94,169.13,169.400009,81088700,24.200001
"2009-08-26",168.92,169.55,166.76,167.410004,75999700,23.915714
"2009-08-27",168.75,169.57,164.83,169.450012,112295400,24.207144
"2009-08-28",172.27,172.49,168.53,170.049988,113425200,24.292856
"2009-08-31",168.16,168.85,166.5,168.210007,77834400,24.030001
"2009-09-01",167.99,170,164.94,165.300003,117257000,23.614286
"2009-09-02",164.62,167.61,164.11,165.180008,91062300,23.597143
"2009-09-03",166.44,167.1,165,166.549988,73488800,23.792856
"2009-09-04",167.28,170.7,167.09,170.309998,93657200,24.33
"2009-09-08",172.98,173.14,172,172.930008,78761900,24.704287
"2009-09-09",172.78,174.47,169.7,171.139999,202771800,24.448572
"2009-09-10",172.06,173.25,170.81,172.559998,122783500,24.651428
"2009-09-11",172.91,173.18,170.87,172.160004,87240300,24.594286
"2009-09-14",170.83,173.9,170.25,173.720001,80502800,24.817142
"2009-09-15",174.04,175.65,173.59,175.160004,106617700,25.022858
"2009-09-16",177.99,182.75,177.88,181.869995,188505800,25.981428
"2009-09-17",181.98,186.79,181.97,184.550003,202643000,26.364286
"2009-09-18",185.83,186.55,184.76,185.020004,150395700,26.431429
"2009-09-21",184.29,185.16,181.62,184.020004,109428900,26.288572
"2009-09-22",185.19,185.38,182.85,184.480011,89188400,26.354286
"2009-09-23",185.4,188.9,185.03,185.5,148390900,26.5
"2009-09-24",187.2,187.7,182.77,183.820007,137720100,26.26
"2009-09-25",182.01,185.5,181.44,182.369995,111309800,26.052856
"2009-09-28",183.87,186.68,183.33,186.149994,84361200,26.592857
"2009-09-29",186.73,187.4,184.31,185.380005,86346400,26.482857
"2009-09-30",186.13,186.45,182.61,185.349991,134896300,26.478571
"2009-10-01",185.35,186.22,180.7,180.860001,131177900,25.837143
"2009-10-02",181.41,185.94,181.35,184.899994,138327000,26.414286
"2009-10-05",186.2,186.86,184.27,186.020004,105783300,26.574286
"2009-10-06",187.74,190.01,187.3,190.009995,151271400,27.144285
"2009-10-07",189.76,190.55,189.03,190.25,116417000,27.178572
"2009-10-08",190.66,191.45,188.89,189.270004,109552800,27.038572
"2009-10-09",188.97,190.7,188.62,190.470001,73318000,27.209999
"2009-10-12",191.02,191.51,189.64,190.809998,72006200,27.258572
"2009-10-13",190.63,191.17,189.7,190.019989,87005100,27.145714
"2009-10-14",192.25,192.32,190.23,191.289993,93877700,27.327143
"2009-10-15",189.63,190.92,189.53,190.559998,93389100,27.222857
"2009-10-16",189.35,190.36,187.84,188.050003,107856700,26.864286
"2009-10-19",187.85,190,185.55,189.860001,235557700,27.122858
"2009-10-20",200.6,201.75,197.85,198.759995,285259800,28.394285
"2009-10-21",199.52,208.71,199.23,204.919998,298431700,29.274286
"2009-10-22",204.7,207.85,202.51,205.199997,197848000,29.314285
"2009-10-23",205.7,205.8,203.23,203.940002,105196700,29.134285
"2009-10-26",203.67,206.75,200.1,202.479996,121084600,28.925714
"2009-10-27",201.66,202.81,196.45,197.37001,189137900,28.195715
"2009-10-28",197.71,198.02,191.1,192.399994,204596700,27.485714
"2009-10-29",195,196.81,192.14,196.349991,142567600,28.049999
"2009-10-30",196.06,196.8,188.17,188.5,179381300,26.928572
"2009-11-02",189.8,192.88,185.57,189.309998,169745800,27.044285
"2009-11-03",187.85,189.52,185.92,188.75,130635400,26.964285
"2009-11-04",190.73,193.85,190.23,190.809998,121882600,27.258572
"2009-11-05",192.4,195,191.82,194.029999,96200300,27.718571
"2009-11-06",192.51,195.19,192.4,194.339996,73774400,27.762857
"2009-11-09",196.94,201.9,196.26,201.460007,132213900,28.780001
"2009-11-10",201.02,204.98,201.01,202.979996,100298800,28.997143
"2009-11-11",204.56,205,201.83,203.25,110967500,29.035715
"2009-11-12",203.14,204.87,201.43,201.990005,90932800,28.855715
"2009-11-13",202.87,204.83,202.07,204.450012,85810200,29.207144
"2009-11-16",205.48,208,205.01,206.630005,121301600,29.518572
"2009-11-17",206.08,207.44,205,207,99128400,29.571428
"2009-11-18",206.54,207,204,205.960007,93580200,29.422857
"2009-11-19",204.61,204.61,199.8,200.509995,135581600,28.644285
"2009-11-20",199.15,200.39,197.76,199.919998,101666600,28.559999
"2009-11-23",203,206,202.95,205.880005,118724200,29.411428
"2009-11-24",205.33,205.88,202.9,204.440002,79609600,29.205715
"2009-11-25",205.4,205.65,203.76,204.190002,71613500,29.17
"2009-11-27",199.22,202.96,198.37,200.589996,73814300,28.655714
"2009-11-30",201.11,201.68,198.77,199.910004,106214500,28.558571
"2009-12-01",202.24,202.77,196.83,196.970001,116440800,28.138571
"2009-12-02",198.96,201.42,195.75,196.230011,178815000,28.032858
"2009-12-03",197.42,198.98,196.27,196.479996,112179900,28.068571
"2009-12-04",199.7,199.88,190.28,193.320007,206721200,27.617144
"2009-12-07",193.32,193.77,188.68,188.949997,178689700,26.992857
"2009-12-08",189.36,192.35,188.7,189.87001,172599700,27.124287
"2009-12-09",191.28,198.16,190.31,197.800003,171195500,28.257143
"2009-12-10",199.5,199.7,196.12,196.429993,122417400,28.061428
"2009-12-11",197.78,198,193.43,194.669998,107443700,27.809999
"2009-12-14",195.37,197.43,192.56,196.979996,123947600,28.139999
"2009-12-15",195.83,197.51,193.27,194.169998,104864900,27.738571
"2009-12-16",195.1,196.5,194.55,195.029999,88246200,27.861429
"2009-12-17",194.26,195,191,191.860001,97209700,27.408571
"2009-12-18",193.17,195.5,192.6,195.429993,152192600,27.918571
"2009-12-21",196.05,199.75,195.67,198.229996,152976600,28.318571
"2009-12-22",199.44,200.85,198.66,200.360001,87378900,28.622858
"2009-12-23",201.2,202.38,200.81,202.100006,86381400,28.871429
"2009-12-24",203.55,209.35,203.35,209.040009,125222300,29.862858
"2009-12-28",211.72,213.95,209.61,211.610001,161141400,30.23
"2009-12-29",212.63,212.72,208.73,209.100006,111301400,29.871429
"2009-12-30",208.83,212,208.31,211.639999,103021100,30.234285
"2009-12-31",213.13,213.35,210.56,210.730011,88102700,30.104286
"2010-01-04",213.43,214.5,212.38,214.009995,123432400,30.572857
"2010-01-05",214.6,215.59,213.25,214.37999,150476200,30.625713
"2010-01-06",214.38,215.23,210.75,210.970001,138040000,30.138571
"2010-01-07",211.75,212,209.05,210.580002,119282800,30.082857
"2010-01-08",210.3,212,209.06,211.980011,111902700,30.282858
"2010-01-11",212.8,213,208.45,210.110001,115557400,30.015715
"2010-01-12",209.19,209.77,206.42,207.720001,148614900,29.674286
"2010-01-13",207.87,210.93,204.1,210.649994,151473000,30.092857
"2010-01-14",210.11,210.46,209.02,209.429993,108223500,29.918571
"2010-01-15",210.93,211.6,205.87,205.929993,148516900,29.418571
"2010-01-19",208.33,215.19,207.24,215.039993,182501900,30.719999
"2010-01-20",214.91,215.55,209.5,211.729996,153038200,30.247143
"2010-01-21",212.08,213.31,207.21,208.069992,152038600,29.724285
"2010-01-22",206.78,207.5,197.16,197.75,220441900,28.25
"2010-01-25",202.51,204.7,200.19,203.070007,266424900,29.01
"2010-01-26",205.95,213.71,202.58,205.940002,466777500,29.42
"2010-01-27",206.85,210.58,199.53,207.880005,430642100,29.697144
"2010-01-28",204.93,205.5,198.7,199.289993,293375600,28.469999
"2010-01-29",201.08,202.2,190.25,192.059998,311488100,27.437143
"2010-02-01",192.37,196,191.3,194.729996,187469100,27.818571
"2010-02-02",195.91,196.32,193.38,195.860001,174585600,27.98
"2010-02-03",195.17,200.2,194.42,199.229996,153832000,28.461428
"2010-02-04",196.73,198.37,191.57,192.050003,189413000,27.435715
"2010-02-05",192.63,196,190.85,195.460007,212576700,27.922857
"2010-02-08",195.69,197.88,194,194.119995,119567700,27.731428
"2010-02-09",196.42,197.5,194.75,196.190002,158221700,28.027143
"2010-02-10",195.89,196.6,194.26,195.12001,92590400,27.874287
"2010-02-11",194.88,199.75,194.06,198.669998,137586400,28.381428
"2010-02-12",198.11,201.64,195.5,200.37999,163867200,28.625713
"2010-02-16",201.94,203.69,201.52,203.399994,135934400,29.057142
"2010-02-17",204.19,204.31,200.86,202.550003,109099200,28.935715
"2010-02-18",201.63,203.89,200.92,202.929993,105706300,28.99
"2010-02-19",201.86,203.2,201.11,201.669998,103867400,28.809999
"2010-02-22",202.34,202.5,199.19,200.419998,97640900,28.631428
"2010-02-23",200,201.33,195.71,197.059998,143773700,28.151428
"2010-02-24",198.23,201.44,197.84,200.660004,115141600,28.665714
"2010-02-25",197.38,202.86,196.89,202,166281500,28.857143
"2010-02-26",202.38,205.17,202,204.619995,126865200,29.231428
"2010-03-01",205.75,209.5,205.45,208.990005,137523400,29.855715
"2010-03-02",209.93,210.83,207.74,208.850006,141636600,29.835714
"2010-03-03",208.94,209.87,207.94,209.330002,93013200,29.904285
"2010-03-04",209.28,210.92,208.63,210.710007,91510300,30.101429
"2010-03-05",214.94,219.7,214.63,218.950012,224905100,31.278572
"2010-03-08",220.01,220.09,218.25,219.079987,107472400,31.297142
"2010-03-09",218.31,225,217.89,223.020004,230064800,31.860001
"2010-03-10",223.83,225.48,223.2,224.839996,149054500,32.119999
"2010-03-11",223.91,225.5,223.32,225.5,101425100,32.214287
"2010-03-12",227.37,227.73,225.75,226.600006,104080900,32.371429
"2010-03-15",225.38,225.5,220.25,223.839996,123375700,31.977142
"2010-03-16",224.18,224.98,222.51,224.449997,111727000,32.064285
"2010-03-17",224.9,226.45,223.27,224.119995,112739200,32.017143
"2010-03-18",224.1,225,222.61,224.649994,85527400,32.092857
"2010-03-19",224.79,225.24,221.23,222.25,139861400,31.75
"2010-03-22",220.47,226,220.15,224.75,114104900,32.107143
"2010-03-23",225.64,228.78,224.1,228.359985,150607800,32.622856
"2010-03-24",227.64,230.2,227.51,229.369995,149445100,32.767143
"2010-03-25",230.92,230.97,226.25,226.649994,135571100,32.378571
"2010-03-26",228.95,231.95,228.55,230.899994,160218800,32.985714
"2010-03-29",233,233.87,231.62,232.389984,135186100,33.19857
"2010-03-30",236.6,237.48,234.25,235.849991,131827500,33.692856
"2010-03-31",235.49,236.61,234.46,235.000015,107664900,33.57143
"2010-04-01",237.41,238.73,232.75,235.970001,150786300,33.709999
"2010-04-05",234.98,238.51,234.77,238.48999,171126900,34.07
"2010-04-06",238.2,240.24,237,239.540009,111754300,34.220001
"2010-04-07",239.55,241.92,238.66,240.600006,157125500,34.371429
"2010-04-08",240.44,241.54,238.04,239.950012,143247300,34.278572
"2010-04-09",241.43,241.89,240.46,241.789993,83545700,34.541428
"2010-04-12",242.2,243.07,241.81,242.290009,83256600,34.612858
"2010-04-13",241.86,242.8,241.11,242.430008,76552700,34.632858
"2010-04-14",245.28,245.81,244.07,245.690002,101019100,35.098572
"2010-04-15",245.78,249.03,245.51,248.920013,94196200,35.560001
"2010-04-16",248.57,251.14,244.55,247.399994,187636400,35.342857
"2010-04-19",247.03,247.89,241.77,247.070007,141731100,35.295715
"2010-04-20",248.54,249.25,242.96,244.589996,184581600,34.941429
"2010-04-21",258.8,260.25,255.73,259.220001,245597800,37.031429
"2010-04-22",258.24,266.75,256.2,266.470001,198356200,38.067142
"2010-04-23",267.99,272.18,267,270.829987,199238900,38.689999
"2010-04-26",271.88,272.46,268.19,269.5,119767200,38.5
"2010-04-27",267.27,267.84,260.52,262.039978,177335900,37.434284
"2010-04-28",263.25,264,256.41,261.600006,189600600,37.371429
"2010-04-29",263.02,270,262.01,268.640015,139710200,38.377144
"2010-04-30",269.31,270.57,261,261.089996,135615900,37.298573
"2010-05-03",263.84,267.88,262.88,266.350006,113585500,38.049999
"2010-05-04",262.89,263.29,256.75,258.679993,180954900,36.954285
"2010-05-05",253.03,258.14,248.73,255.98999,220775800,36.57
"2010-05-06",253.83,258.25,199.25,246.249985,321465200,35.17857
"2010-05-07",243.71,246.57,225.21,235.860001,419004600,33.694286
"2010-05-10",250.25,254.65,248.53,253.990005,246076600,36.284286
"2010-05-11",251.84,259.89,250.5,256.519989,212226700,36.645714
"2010-05-12",259.24,263.13,258.7,262.089996,163594900,37.441429
"2010-05-13",263.22,265,256.4,258.360016,149928100,36.908573
"2010-05-14",255.16,256.48,249.5,253.819992,189840700,36.259998
"2010-05-17",254.7,256.18,247.71,254.220001,190708700,36.317142
"2010-05-18",256.98,258.55,250.26,252.360016,195669600,36.05143
"2010-05-19",249.5,252.92,244.85,248.339996,256431700,35.477142
"2010-05-20",241.88,243.85,236.21,237.759995,320728800,33.965714
"2010-05-21",232.82,244.5,231.35,242.319992,305972800,34.617142
"2010-05-24",247.28,250.9,246.26,246.759979,188559700,35.251427
"2010-05-25",239.35,246.76,237.16,245.220001,262001600,35.031429
"2010-05-26",250.08,252.13,243.75,244.109985,212663500,34.872856
"2010-05-27",250.6,253.89,249.11,253.349991,166570600,36.192856
"2010-05-28",259.39,259.4,253.35,256.880005,203903700,36.697144
"2010-06-01",259.69,265.94,258.96,260.830017,219118200,37.261429
"2010-06-02",264.54,264.8,260.33,263.949982,172137000,37.707142
"2010-06-03",265.18,265.55,260.41,263.119995,162526700,37.58857
"2010-06-04",258.21,261.9,254.63,255.960007,189576100,36.565716
"2010-06-07",258.29,259.15,250.55,250.940002,221735500,35.848572
"2010-06-08",253.24,253.8,245.65,249.330002,250192600,35.618572
"2010-06-09",251.47,251.9,242.49,243.200012,213657500,34.742859
"2010-06-10",244.84,250.98,242.2,250.51001,194089000,35.787144
"2010-06-11",248.23,253.86,247.37,253.509995,136439800,36.215714
"2010-06-14",255.96,259.15,254.01,254.279999,150740100,36.325714
"2010-06-15",255.64,259.85,255.5,259.690002,146268500,37.098572
"2010-06-16",261.1,267.75,260.63,267.25,195919500,38.17857
"2010-06-17",270.6,272.9,269.5,271.869995,218213800,38.83857
"2010-06-18",272.25,275,271.42,274.070007,196155400,39.152859
"2010-06-21",277.69,279.01,268.73,270.170013,194122600,38.595715
"2010-06-22",272.16,275.97,271.5,273.850006,179315500,39.121429
"2010-06-23",274.58,274.66,267.9,270.970001,192114300,38.709999
"2010-06-24",271,273.2,268.1,269,178569300,38.42857
"2010-06-25",270.06,270.27,265.81,266.699982,137485600,38.099998
"2010-06-28",266.93,269.75,264.52,268.299988,146237000,38.328571
"2010-06-29",264.12,264.39,254.3,256.170013,283336200,36.595715
"2010-06-30",256.71,257.97,250.01,251.529999,184863000,35.932858
"2010-07-01",254.3,254.8,243.22,248.479996,255724000,35.497143
"2010-07-02",250.49,250.93,243.2,246.939987,173460700,35.277142
"2010-07-06",251,252.8,246.16,248.62999,153808900,35.51857
"2010-07-07",250.49,258.77,249.75,258.670013,163639000,36.952858
"2010-07-08",262.48,262.9,254.89,258.089996,184536100,36.869999
"2010-07-09",256.89,259.9,255.16,259.619995,108330600,37.08857
"2010-07-12",258.53,261.85,254.86,257.290009,140719600,36.755714
"2010-07-13",256.32,256.4,246.43,251.799988,297731000,35.971428
"2010-07-14",249.38,255.8,249,252.730011,203011900,36.104286
"2010-07-15",248.23,256.97,247.3,251.449997,206216500,35.921429
"2010-07-16",253.18,254.97,248.41,249.900009,259964600,35.700001
"2010-07-19",249.88,249.88,239.6,245.580017,256119500,35.082859
"2010-07-20",242.9,252.9,240.01,251.890015,268737700,35.984287
"2010-07-21",265.09,265.15,254,254.23999,296417800,36.32
"2010-07-22",257.68,260,255.31,259.019989,161329700,37.002857
"2010-07-23",257.09,260.38,256.28,259.940002,133347200,37.134285
"2010-07-26",260,260.1,257.71,259.279999,105137900,37.040001
"2010-07-27",260.87,264.8,260.3,264.080017,146192900,37.725716
"2010-07-28",263.67,265.99,260.25,260.959991,129996300,37.279999
"2010-07-29",260.71,262.65,256.1,258.109985,160951700,36.872856
"2010-07-30",255.89,259.7,254.9,257.25,112052500,36.75
"2010-08-02",260.44,262.59,259.62,261.850006,107013900,37.407143
"2010-08-03",261.01,263.26,259.42,261.929993,104413400,37.418571
"2010-08-04",262.84,264.28,260.31,262.980011,105093800,37.568573
"2010-08-05",261.73,263.18,260.55,261.700012,72274300,37.385715
"2010-08-06",259.78,261.49,257.63,260.090027,111224400,37.155716
"2010-08-09",261.48,262.15,259.57,261.75,75782000,37.392857
"2010-08-10",259.85,260.45,257.55,259.410004,112980000,37.058571
"2010-08-11",255.4,255.69,249.81,250.190002,155013600,35.741428
"2010-08-12",246.69,253.1,246.12,251.790009,133730100,35.970001
"2010-08-13",251.65,251.88,249.09,249.099991,88717300,35.585712
"2010-08-16",247.58,250.01,246.62,247.640015,79607500,35.377144
"2010-08-17",250.08,254.63,249.2,251.970016,105660100,35.995716
"2010-08-18",252.36,254.67,251.58,253.070007,84924000,36.152859
"2010-08-19",252.84,253.48,248.68,249.880005,106676500,35.697144
"2010-08-20",249.39,253.92,249,249.639999,96057500,35.662857
"2010-08-23",251.79,252,245.25,245.799988,103510400,35.114285
"2010-08-24",242.67,243,238.65,239.930008,150641400,34.275715
"2010-08-25",238.04,243.99,237.2,242.889984,149216900,34.69857
"2010-08-26",245.45,245.75,240.28,240.279999,116626300,34.325714
"2010-08-27",241.75,242.61,235.56,241.619995,137097800,34.517143
"2010-08-30",240.76,245.75,240.68,242.5,95822300,34.642857
"2010-08-31",241.85,244.56,240.35,243.100006,105196700,34.728573
"2010-09-01",247.47,251.46,246.28,250.330002,174259400,35.761429
"2010-09-02",251.26,252.17,248.57,252.169983,103856900,36.024284
"2010-09-03",255.09,258.78,254.5,258.77002,130197200,36.967144
"2010-09-07",256.64,259.53,256.25,257.809998,85639400,36.830002
"2010-09-08",259.78,264.39,259.1,262.920013,131637800,37.560001
"2010-09-09",265.04,266.52,262.92,263.070007,109643800,37.581429
"2010-09-10",263.19,264.5,261.4,263.410004,96885600,37.630001
"2010-09-13",265.82,268.28,265.76,267.040009,97195000,38.148571
"2010-09-14",266.21,269.17,265.52,268.059998,102037600,38.294285
"2010-09-15",268.17,270.38,267.84,270.220001,107342200,38.602856
"2010-09-16",270.24,276.67,269.5,276.569977,163025800,39.509998
"2010-09-17",277.69,277.96,273.68,275.369995,158619300,39.33857
"2010-09-20",276.08,283.78,275.85,283.230011,164669400,40.46143
"2010-09-21",283.86,287.35,282.79,283.769989,167018600,40.53857
"2010-09-22",282.71,287.98,282.41,287.75,146322400,41.107143
"2010-09-23",286.33,292.76,286,288.919983,196529200,41.274284
"2010-09-24",292.1,293.53,290.55,292.319977,162372000,41.759998
"2010-09-27",293.98,294.73,291.01,291.159973,120708700,41.594284
"2010-09-28",291.77,291.77,275,286.859985,258760600,40.98
"2010-09-29",287.23,289.81,286,287.369995,117411000,41.052856
"2010-09-30",289,290,281.25,283.75,168347900,40.535713
"2010-10-01",286.15,286.58,281.35,282.52002,112035700,40.360001
"2010-10-04",281.6,282.9,277.77,278.639984,108825500,39.805714
"2010-10-05",282,289.45,281.82,288.940002,125491800,41.277142
"2010-10-06",289.59,291.99,285.26,289.190002,167717200,41.312859
"2010-10-07",290.34,290.48,286.91,289.220001,102099900,41.317142
"2010-10-08",291.71,294.5,290,294.069977,164600800,42.009998
"2010-10-11",294.74,297.24,294.6,295.360016,106938300,42.194286
"2010-10-12",295.41,299.5,292.49,298.540009,139636000,42.648571
"2010-10-13",300.2,301.96,299.8,300.140015,157523100,42.877144
"2010-10-14",301.69,302.47,300.4,302.309998,108824100,43.187141
"2010-10-15",307.44,315,304.91,314.73999,230548500,44.962856
"2010-10-18",318.47,319,314.29,318,273252700,45.42857
"2010-10-19",303.4,313.77,300.02,309.48999,308196000,44.212856
"2010-10-20",309,314.25,306.87,310.529999,180406100,44.361427
"2010-10-21",312.36,314.74,306.8,309.52002,137865000,44.217144
"2010-10-22",309.07,310.04,306.3,307.470001,93194500,43.924286
"2010-10-25",309.09,311.6,308.44,308.839996,98115500,44.119999
"2010-10-26",306.87,309.74,305.65,308.049988,98232400,44.007141
"2010-10-27",307.65,309.9,305.6,307.830017,99750700,43.975716
"2010-10-28",307.95,308,300.9,305.23999,137762800,43.605713
"2010-10-29",304.23,305.88,300.87,300.980011,107627800,42.997143
"2010-11-01",302.22,305.6,302.2,304.179993,105972300,43.454285
"2010-11-02",307,310.19,307,309.360016,108482500,44.194286
"2010-11-03",311.37,312.88,308.53,312.799988,127087100,44.685715
"2010-11-04",315.45,320.18,315.03,318.27002,160622000,45.467144
"2010-11-05",317.99,319.57,316.75,317.130005,90313300,45.304287
"2010-11-08",317.2,319.77,316.76,318.619995,70439600,45.517143
"2010-11-09",321.05,321.3,314.5,316.079987,95886000,45.154285
"2010-11-10",316.64,318.77,313.55,318.029999,96056800,45.432858
"2010-11-11",315,318.4,314.25,316.649994,90321000,45.235714
"2010-11-12",316,316.5,303.63,308.029999,198961700,44.004284
"2010-11-15",308.46,310.54,306.27,307.040009,100901500,43.862858
"2010-11-16",305.72,307.6,299.32,301.589996,164412500,43.084286
"2010-11-17",301.2,303.99,297.76,300.5,119862400,42.92857
"2010-11-18",305.2,309.67,304.69,308.429993,123622800,44.061428
"2010-11-19",307.97,308.4,305.24,306.730011,96210800,43.818573
"2010-11-22",306.68,313.36,305.87,313.359985,98268800,44.765713
"2010-11-23",310.45,311.75,306.56,308.730011,129861900,44.104286
"2010-11-24",312,315.4,311.75,314.799988,103431300,44.971428
"2010-11-26",313.74,317.7,312.94,315,59396400,45
"2010-11-29",315.5,317.48,311.38,316.869995,111446300,45.267143
"2010-11-30",313.54,314.36,310.87,311.149994,125464500,44.450001
"2010-12-01",315.27,317.75,315,316.399994,115437700,45.200001
"2010-12-02",317.53,319,314.89,318.149994,115709300,45.450001
"2010-12-03",317.01,318.65,316.34,317.440002,85523200,45.348572
"2010-12-06",318.64,322.33,318.42,320.149994,112120400,45.735714
"2010-12-07",323.8,323.99,318.12,318.210022,97863500,45.458572
"2010-12-08",319.63,321.02,317.11,321.009979,80483900,45.85857
"2010-12-09",322.13,322.5,319.02,319.76001,73537800,45.68
"2010-12-10",319.65,321.05,318.6,320.559998,65627800,45.794285
"2010-12-13",324.37,325.06,321,321.670013,109953900,45.952858
"2010-12-14",321.73,322.54,319,320.290009,87752000,45.755714
"2010-12-15",320,323,319.19,320.359985,104328000,45.765713
"2010-12-16",321.09,322.61,320.1,321.25,80507700,45.892857
"2010-12-17",321.63,321.79,320.23,320.610016,96732300,45.80143
"2010-12-20",321.6,323.25,318.23,322.209991,96402600,46.029999
"2010-12-21",323,324.39,322.05,324.200012,64088500,46.314285
"2010-12-22",324.36,325.72,323.55,325.160004,66480400,46.451427
"2010-12-23",325,325.15,323.17,323.600006,55789300,46.228573
"2010-12-27",322.85,325.44,321.52,324.679993,62454000,46.382858
"2010-12-28",325.91,326.66,325.06,325.470001,43981000,46.495716
"2010-12-29",326.22,326.45,325.1,325.290009,40784800,46.470001
"2010-12-30",325.48,325.51,323.05,323.660004,39373600,46.237144
"2010-12-31",322.95,323.48,321.31,322.559998,48377000,46.080002
"2011-01-03",325.64,330.26,324.84,329.570007,111284600,47.081429
"2011-01-04",332.44,332.5,328.15,331.290009,77270200,47.327145
"2011-01-05",329.55,334.34,329.5,334,63879900,47.714287
"2011-01-06",334.72,335.25,332.9,333.72998,75107200,47.675713
"2011-01-07",333.99,336.35,331.9,336.119995,77982800,48.017143
"2011-01-10",338.83,343.23,337.17,342.450012,112140000,48.921429
"2011-01-11",344.88,344.96,339.47,341.639984,111027000,48.805714
"2011-01-12",343.25,344.43,342,344.420013,75647600,49.202858
"2011-01-13",345.16,346.64,343.85,345.679993,74195100,49.382858
"2011-01-14",345.89,348.48,344.44,348.47998,77210000,49.782856
"2011-01-18",329.52,344.76,326,340.650024,470249500,48.664288
"2011-01-19",348.35,348.6,336.88,338.840027,283903200,48.405716
"2011-01-20",336.43,338.3,330.12,332.679993,191197300,47.525715
"2011-01-21",333.77,334.88,326.63,326.720001,188600300,46.674286
"2011-01-24",326.87,337.45,326.72,337.449982,143670800,48.207142
"2011-01-25",336.33,341.44,334.57,341.399994,136717000,48.771427
"2011-01-26",342.96,345.6,341.5,343.850006,126718900,49.121429
"2011-01-27",343.78,344.69,342.83,343.209991,71256500,49.029999
"2011-01-28",344.17,344.4,333.53,336.100006,148014300,48.014286
"2011-01-31",335.8,340.04,334.3,339.320007,94311700,48.474285
"2011-02-01",341.3,345.65,340.98,345.029999,106658300,49.290001
"2011-02-02",344.45,345.25,343.55,344.320007,64738800,49.188572
"2011-02-03",343.8,344.24,338.55,343.440002,98449400,49.062859
"2011-02-04",343.64,346.7,343.51,346.5,80460100,49.5
"2011-02-07",347.89,353.25,347.64,351.880005,121255400,50.26857
"2011-02-08",353.68,355.52,352.15,355.200012,95260200,50.742859
"2011-02-09",355.19,359,354.87,358.160004,120686300,51.165714
"2011-02-10",357.39,360,348,354.540009,232137500,50.648571
"2011-02-11",354.75,357.8,353.54,356.850006,91893200,50.978573
"2011-02-14",356.79,359.48,356.71,359.179993,77604100,51.311428
"2011-02-15",359.19,359.97,357.55,359.900024,71043700,51.414288
"2011-02-16",360.8,364.9,360.5,363.130005,120289400,51.875713
"2011-02-17",357.25,360.27,356.52,358.299988,132645800,51.185715
"2011-02-18",358.71,359.5,349.52,350.559998,204014300,50.080002
"2011-02-22",342.15,345.4,337.72,338.609985,218138900,48.372856
"2011-02-23",338.77,344.64,338.61,342.619995,167963600,48.945713
"2011-02-24",344.02,345.15,338.37,342.880005,124975200,48.982857
"2011-02-25",345.26,348.43,344.8,348.160004,95004700,49.737144
"2011-02-28",351.24,355.05,351.12,353.210022,100768500,50.458572
"2011-03-01",355.47,355.72,347.68,349.309998,114034200,49.901428
"2011-03-02",349.96,354.35,348.4,352.119995,150647700,50.302856
"2011-03-03",357.19,359.79,355.92,359.559998,125197100,51.365715
"2011-03-04",360.07,360.29,357.75,360,113316700,51.42857
"2011-03-07",361.4,361.67,351.31,355.359985,136530800,50.765713
"2011-03-08",354.91,357.4,352.25,355.76001,89079200,50.822857
"2011-03-09",354.69,354.76,350.6,352.470001,113326500,50.352856
"2011-03-10",349.12,349.77,344.9,346.669983,126884800,49.524284
"2011-03-11",345.33,352.32,345,351.98999,117770100,50.284286
"2011-03-14",353.18,356.48,351.31,353.559998,108989300,50.508572
"2011-03-15",342.1,347.84,340.1,345.429993,180270300,49.347141
"2011-03-16",342,343,326.26,330.01001,290502800,47.144287
"2011-03-17",336.83,339.61,330.66,334.639984,164855600,47.805714
"2011-03-18",337.13,338.2,330,330.669983,188303500,47.238571
"2011-03-21",335.99,339.74,335.26,339.299988,102350500,48.471428
"2011-03-22",342.56,342.62,339.14,341.200012,81480700,48.742859
"2011-03-23",339.28,340.22,335.95,339.190002,93249100,48.455715
"2011-03-24",341.85,346,338.86,344.970001,101178000,49.281429
"2011-03-25",348.07,352.06,347.02,351.540009,112227500,50.220001
"2011-03-28",353.15,354.32,350.44,350.440002,77338800,50.062859
"2011-03-29",347.66,350.96,346.06,350.959991,88225200,50.137142
"2011-03-30",350.64,350.88,347.44,348.630005,82351500,49.804287
"2011-03-31",346.36,349.8,346.06,348.51001,68504800,49.787144
"2011-04-01",351.11,351.59,343.3,344.559998,104665400,49.222858
"2011-04-04",344.31,344.6,338.4,341.190002,115021200,48.741428
"2011-04-05",336.99,342.25,336,338.890015,120682800,48.412857
"2011-04-06",341.22,343.9,337.14,338.039978,100634800,48.291428
"2011-04-07",338.1,340.43,336.03,338.079987,93361800,48.297142
"2011-04-08",339.92,340.15,333.95,335.059998,94383800,47.865715
"2011-04-11",334.06,335.67,330.02,330.799988,99736700,47.257141
"2011-04-12",330.49,333.73,330.2,332.399994,106409800,47.485714
"2011-04-13",335.02,336.14,332.52,336.130005,86555000,48.01857
"2011-04-14",334.8,336,332.06,332.419983,75450200,47.488571
"2011-04-15",333.3,333.64,326.8,327.459991,113401400,46.779999
"2011-04-18",326.1,332.23,320.16,331.850006,152474700,47.407143
"2011-04-19",333.1,337.98,331.71,337.859985,104844600,48.265713
"2011-04-20",343.51,345.75,341.5,342.410004,175166600,48.915714
"2011-04-21",355,355.13,348.52,350.699982,188452600,50.099998
"2011-04-25",350.34,353.75,350.3,353.01001,66636500,50.43
"2011-04-26",353.62,354.99,349.35,350.420013,84700000,50.060001
"2011-04-27",352.24,352.35,347.1,350.149994,89053300,50.021427
"2011-04-28",346.19,349.75,345.52,346.75,90239800,49.535713
"2011-04-29",346.78,353.95,346.67,350.130005,251586300,50.01857
"2011-05-02",349.74,350.47,345.5,346.279999,110678400,49.468571
"2011-05-03",347.99,349.89,345.62,348.200012,78337000,49.742859
"2011-05-04",348.26,351.83,346.88,349.570007,97312600,49.938572
"2011-05-05",348.4,350.95,346.05,346.75,83992300,49.535713
"2011-05-06",349.69,350,346.21,346.660004,70033600,49.522858
"2011-05-09",347.86,349.2,346.53,347.600006,51186800,49.657143
"2011-05-10",348.89,349.69,346.66,349.450012,70522900,49.921429
"2011-05-11",349.02,350,345.24,347.230011,8.4e+07,49.604286
"2011-05-12",346.12,347.12,342.27,346.569977,80500000,49.509998
"2011-05-13",345.66,346.25,340.35,340.5,81529000,48.642857
"2011-05-16",339.2,341.22,332.6,333.299988,112443800,47.614285
"2011-05-17",332,336.14,330.73,336.140015,113083600,48.02
"2011-05-18",336.47,341.05,336,339.869995,83694100,48.552856
"2011-05-19",342.08,342.41,338.67,340.529999,65292500,48.647144
"2011-05-20",339.56,340.95,335.02,335.220001,84492100,47.888573
"2011-05-23",329.97,335.98,329.42,334.399994,95900000,47.771427
"2011-05-24",335.5,335.9,331.34,332.190002,80481800,47.455715
"2011-05-25",333.43,338.56,332.85,336.779999,73556000,48.111427
"2011-05-26",335.97,336.89,334.43,335,55640200,47.857143
"2011-05-27",334.8,337.63,334.31,337.410004,50899800,48.201427
"2011-05-31",341.1,347.83,341,347.829987,104438600,49.689999
"2011-06-01",348.87,352.13,344.65,345.509979,138670700,49.35857
"2011-06-02",346.5,347.98,344.3,346.099976,84695800,49.442856
"2011-06-03",343.18,345.33,342.01,343.440002,78312500,49.062859
"2011-06-06",345.7,347.05,337.81,338.039978,115485300,48.291428
"2011-06-07",338.17,338.22,331.9,332.039978,132446300,47.434284
"2011-06-08",331.78,334.8,330.65,332.23999,83430900,47.462856
"2011-06-09",333.25,333.67,330.75,331.48999,68772200,47.355713
"2011-06-10",330.55,331.66,325.51,325.900024,108488800,46.557144
"2011-06-13",327.2,328.31,325.07,326.600006,82368300,46.657143
"2011-06-14",330,333.25,329.31,332.440002,83642300,47.491428
"2011-06-15",329.75,330.3,324.88,326.75,99799000,46.67857
"2011-06-16",326.9,328.68,318.33,325.160004,127647800,46.451427
"2011-06-17",328.99,329.25,319.36,320.259979,153755000,45.751427
"2011-06-20",317.36,317.7,310.5,315.320007,160161400,45.045715
"2011-06-21",316.68,325.8,315.2,325.299988,123345600,46.471428
"2011-06-22",325.16,328.9,322.38,322.609985,97645800,46.087143
"2011-06-23",318.94,331.69,318.12,331.230011,139939800,47.318573
"2011-06-24",331.37,333.15,325.09,326.350006,109951800,46.621429
"2011-06-27",327.59,333.9,327.25,332.039978,84953400,47.434284
"2011-06-28",333.65,336.7,333.44,335.26001,73574900,47.894287
"2011-06-29",336.04,336.37,331.88,334.040009,88136300,47.720001
"2011-06-30",334.7,336.13,332.84,335.670013,80738700,47.952858
"2011-07-01",335.95,343.5,334.2,343.26001,108828300,49.037144
"2011-07-05",343,349.83,342.5,349.429993,88763500,49.918571
"2011-07-06",348.95,354.1,346.71,351.759979,111156500,50.251427
"2011-07-07",354.67,358,354,357.200012,99915900,51.028572
"2011-07-08",353.34,360,352.2,359.709991,122408300,51.387142
"2011-07-11",356.34,359.77,352.82,354,110668600,50.57143
"2011-07-12",353.53,357.68,348.62,353.75,112902300,50.535713
"2011-07-13",358.33,360,356.38,358.019989,97909700,51.145714
"2011-07-14",361.01,361.61,356.34,357.77002,107633400,51.110001
"2011-07-15",361.17,365,359.17,364.919983,121116800,52.131428
"2011-07-18",365.43,374.65,365.28,373.800018,143163300,53.400002
"2011-07-19",378,378.65,373.32,376.849976,204786400,53.835712
"2011-07-20",396.12,396.27,386,386.899994,235335100,55.271427
"2011-07-21",386.95,390.06,383.9,387.290009,131633600,55.327145
"2011-07-22",388.32,395.05,387.75,393.299988,129182200,56.185715
"2011-07-25",390.35,400,389.62,398.5,147451500,56.92857
"2011-07-26",400,404.5,399.68,403.410004,119145600,57.630001
"2011-07-27",400.59,402.64,392.15,392.589996,164831100,56.084286
"2011-07-28",391.62,396.99,388.13,391.820007,148508500,55.974285
"2011-07-29",387.64,395.15,384,390.47998,158146100,55.782856
"2011-08-01",397.78,399.5,392.37,396.75,153209000,56.67857
"2011-08-02",397.65,397.9,388.35,388.910004,159884900,55.558571
"2011-08-03",390.98,393.55,382.24,392.570007,183127000,56.081429
"2011-08-04",389.41,391.32,377.35,377.369995,217851900,53.91
"2011-08-05",380.44,383.5,362.57,373.619995,301147700,53.374287
"2011-08-08",361.69,367.77,353.02,353.210022,285958400,50.458572
"2011-08-09",361.3,374.61,355,374.01001,270645900,53.43
"2011-08-10",371.15,374.65,362.5,363.690002,219664200,51.955715
"2011-08-11",370.52,375.45,364.72,373.700012,185492300,53.385715
"2011-08-12",378.07,379.64,374.23,376.98999,132244000,53.855713
"2011-08-15",379.63,384.97,378.09,383.410004,115136000,54.772858
"2011-08-16",381.52,383.37,376.06,380.480011,124687500,54.354286
"2011-08-17",382.31,384.52,378,380.440002,110515300,54.348572
"2011-08-18",370.84,372.65,361.37,366.050018,212858800,52.292858
"2011-08-19",362.17,367,356,356.029999,193972100,50.861427
"2011-08-22",364.51,364.88,355.09,356.440002,133828800,50.919998
"2011-08-23",360.3,373.64,357,373.600006,164208800,53.371429
"2011-08-24",373.47,378.96,370.6,376.180023,156566900,53.740002
"2011-08-25",365.08,375.45,365,373.720001,217836500,53.388573
"2011-08-26",371.17,383.8,370.8,383.579987,160369300,54.797142
"2011-08-29",388.18,391.5,388,389.970001,101317300,55.709999
"2011-08-30",388.25,391.84,386.21,389.98999,104480600,55.712856
"2011-08-31",390.57,392.08,381.86,384.830017,130646600,54.975716
"2011-09-01",385.82,387.34,380.72,381.029999,85931300,54.432858
"2011-09-02",374.74,378,371.83,374.049988,109734800,53.435715
"2011-09-06",367.37,380.33,366.48,379.740021,127424500,54.248573
"2011-09-07",385.56,385.6,382,383.929993,87644200,54.847141
"2011-09-08",382.4,388.61,382.31,384.140015,104039600,54.877144
"2011-09-09",383.93,386,375.02,377.47998,141203300,53.925713
"2011-09-12",373,380.88,371.9,379.940002,116958100,54.277142
"2011-09-13",382.14,386.21,380.25,384.619995,110140100,54.945713
"2011-09-14",387.02,392.21,385.76,389.299988,133681100,55.614285
"2011-09-15",391.43,393.66,389.9,392.959991,104454700,56.137142
"2011-09-16",395.54,400.5,395.03,400.5,174628300,57.214287
"2011-09-19",397,413.23,395.2,411.630005,205965200,58.804287
"2011-09-20",415.25,422.86,411.19,413.450012,193938500,59.064285
"2011-09-21",419.64,421.59,412,412.140015,151494000,58.877144
"2011-09-22",401.03,409.82,396.7,401.820007,242120200,57.402859
"2011-09-23",400.28,406.74,399.85,404.299988,136569300,57.757141
"2011-09-26",399.86,403.98,391.3,403.170013,203219100,57.595715
"2011-09-27",408.73,409.25,398.06,399.26001,158124400,57.037144
"2011-09-28",400.19,403.74,396.51,397.01001,107409400,56.715714
"2011-09-29",401.92,402.21,386.21,390.570007,162771700,55.795715
"2011-09-30",387.12,388.89,381.18,381.320007,136910200,54.474285
"2011-10-03",380.37,382.64,373.17,374.600006,167274800,53.514286
"2011-10-04",374.57,381.8,354.24,372.5,308419300,53.214287
"2011-10-05",367.86,379.82,360.3,378.25,196617400,54.035713
"2011-10-06",373.33,384.78,371.8,377.369995,203145600,53.91
"2011-10-07",375.78,377.74,368.49,369.799988,133864500,52.828571
"2011-10-10",379.09,388.81,378.21,388.809998,110628700,55.544285
"2011-10-11",392.57,403.18,391.5,400.289978,151421900,57.184284
"2011-10-12",407.34,409.25,400.14,402.190002,155571500,57.455715
"2011-10-13",404.98,408.43,402.85,408.429993,106546300,58.347141
"2011-10-14",416.83,422,415.27,422,143341800,60.285713
"2011-10-17",421.74,426.7,415.94,419.990021,171511200,59.998573
"2011-10-18",421.76,424.81,415.99,422.23999,220400600,60.32
"2011-10-19",401.35,408.42,397.8,398.619995,276014900,56.945713
"2011-10-20",400,400.35,394.21,395.309998,137317600,56.472858
"2011-10-21",398.1,399.14,390.75,392.869995,155311100,56.124287
"2011-10-24",396.18,406.5,395.4,405.77002,125534500,57.967144
"2011-10-25",405.03,406.55,397.38,397.77002,107606800,56.824287
"2011-10-26",401.76,402.55,393.15,400.600006,114076200,57.228573
"2011-10-27",407.56,409,401.89,404.690002,123666200,57.812859
"2011-10-28",403,406.35,402.51,404.949982,80710700,57.849998
"2011-10-31",402.42,409.33,401.05,404.779999,96375300,57.825714
"2011-11-01",397.41,399.5,393.22,396.51001,132947500,56.644287
"2011-11-02",400.09,400.44,395.11,397.410004,81837700,56.772858
"2011-11-03",399.07,403.4,395.36,403.070007,110346600,57.581429
"2011-11-04",402.03,403.44,399.16,400.23999,75557300,57.177143
"2011-11-07",399.91,400,396.13,399.730011,67568900,57.104286
"2011-11-08",402.21,408,401.56,406.22998,100110500,58.032856
"2011-11-09",396.97,400.89,394.23,395.279999,139671000,56.468571
"2011-11-10",397.03,397.21,382.15,385.220001,186188100,55.031429
"2011-11-11",386.61,388.7,380.26,384.619995,163446500,54.945713
"2011-11-14",383.52,385.25,378.2,379.26001,108226300,54.18
"2011-11-15",380.8,389.5,379.45,388.829987,107702700,55.547142
"2011-11-16",389.25,391.14,384.32,384.77002,87302600,54.967144
"2011-11-17",383.98,384.58,375.5,377.410004,119975100,53.915714
"2011-11-18",378.92,379.99,374.88,374.940002,92984500,53.562859
"2011-11-21",370.4,371.68,365.91,369.01001,111995100,52.715714
"2011-11-22",371.02,377.93,370.94,376.51001,102255300,53.787144
"2011-11-23",374.51,375.84,366.88,366.98999,107067800,52.427143
"2011-11-25",368.42,371.15,363.32,363.570007,63690200,51.938572
"2011-11-28",372.35,376.72,370.33,376.119995,86603300,53.73143
"2011-11-29",375.84,378.83,370.2,373.200012,93963800,53.314285
"2011-11-30",381.29,382.28,378.3,382.199982,101484600,54.599998
"2011-12-01",382.54,389,380.75,387.929993,96795300,55.418571
"2011-12-02",389.83,393.63,388.58,389.700012,94763900,55.671429
"2011-12-05",393.49,396.41,390.39,393.01001,89302500,56.144287
"2011-12-06",392.51,394.63,389.38,390.949982,70899500,55.849998
"2011-12-07",389.93,390.94,386.76,389.089996,76186600,55.584286
"2011-12-08",391.45,395.5,390.23,390.660004,94089100,55.808571
"2011-12-09",392.85,394.04,391.03,393.619995,74248300,56.23143
"2011-12-12",391.68,393.9,389.45,391.839996,75266800,55.977142
"2011-12-13",393,395.4,387.1,388.809998,84732200,55.544285
"2011-12-14",386.7,387.38,377.68,380.190002,101721900,54.312859
"2011-12-15",383.33,383.74,378.31,378.940002,64050000,54.134285
"2011-12-16",380.36,384.15,379.57,381.019989,105369600,54.431427
"2011-12-19",382.47,384.85,380.48,382.209991,58882600,54.601429
"2011-12-20",387.76,396.1,387.26,395.950012,84303800,56.564285
"2011-12-21",396.69,397.3,392.01,396.450012,65737000,56.635715
"2011-12-22",397,399.13,396.1,398.549988,50589700,56.935715
"2011-12-23",399.69,403.59,399.49,403.330017,67349800,57.618572
"2011-12-27",403.1,409.09,403.02,406.529999,66269000,58.075714
"2011-12-28",406.89,408.25,401.34,402.640015,57165500,57.52
"2011-12-29",403.4,405.65,400.51,405.119995,53994500,57.874287
"2011-12-30",403.51,406.28,403.49,405,44915500,57.857143
